record_id,jurisdiction,dimension,claim_class,requirement_summary,official_or_named_source,source_url,pinpoint,source_disposition,source_check_status,source_last_checked,next_review_due,review_status,days_overdue,reviewer,second_reviewer,review_stage,reconciliation_status,review_disagreement,evidence_tier,binding_status,legal_status,effective_from,effective_until,event_id,uncertainty,decision_ready
ae-pt-aml_kyc-001,AE,aml_kyc,tier1_legal,"Federal AML/CFT law applies across onshore and free zones, the FATF travel rule applies, and each regulator (CBUAE, VARA, FSRA, DFSA) imposes AML/CFT obligations within its perimeter.",UAE federal AML/CFT law; CBUAE / VARA / FSRA / DFSA AML rules,https://rulebook.centralbank.ae/en/rulebook/payment-token-services-regulation,AML — federal AML/CFT + FATF travel rule; per-regulator obligations,official,not_checked,,,unknown,,,,unreviewed,not_started,,mixed,in_force_enacted,operative,,,,medium,False
ae-pt-bank_nonbank_routing-001,AE,bank_nonbank_routing,tier1_legal,The CBUAE licenses payment-token issuers; the regime admits bank and non-bank issuers under the payment-token charter rather than a bank-only model.,CBUAE Payment Token Services Regulation (2024),,Licensing of bank and non-bank payment-token issuers,unavailable,source_unavailable,,,unknown,,,,unreviewed,not_started,,firm_summary,in_force_enacted,operative,,,,high,False
ae-pt-capital_requirements-001,AE,capital_requirements,tier1_legal,"Onshore, capital requirements are as specified by the CBUAE PTSR. Free-zone issuers face capital requirements per the relevant VARA/FSRA/DFSA framework. The specific figures differ by perimeter.",CBUAE PTSR (Circular 2/2024); VARA / ADGM-FSRA / DIFC-DFSA frameworks,https://rulebook.centralbank.ae/en/rulebook/payment-token-services-regulation,Capital — per CBUAE PTSR onshore; per free-zone framework,official,not_checked,,,unknown,,,,unreviewed,not_started,,mixed,in_force_enacted,operative,,,,medium,False
ae-pt-cross_border_data-001,AE,cross_border_data,tier1_legal,The Federal Personal Data Protection Law (PDPL) applies onshore. The DIFC and ADGM have their own data-protection regimes (DIFC Data Protection Law; ADGM Data Protection Regulations). Cross-border data-transfer rules vary by zone.,Federal Personal Data Protection Law (PDPL); DIFC Data Protection Law; ADGM Data Protection Regulations,,Cross-border data — PDPL onshore; DIFC/ADGM own regimes; transfer rules vary by zone,unavailable,source_unavailable,,,unknown,,,,unreviewed,not_started,,firm_summary,in_force_enacted,operative,,,,high,False
ae-pt-distribution-001,AE,distribution,tier1_legal,The CBUAE channel restriction is the distribution-side constraint: foreign payment tokens are excluded from the general-payments channel and may be accepted only to buy virtual assets or derivatives. Free-zone issuers cannot issue AED tokens and are carved out of the onshore payment perimeter. There is no aggregate volume cap.,CBUAE PTSR (Circular 2/2024),https://rulebook.centralbank.ae/en/rulebook/payment-token-services-regulation,Distribution — channel restriction; free-zone issuers carved out of onshore perimeter,official,not_checked,,,unknown,,,,unreviewed,not_started,,resolution_text,in_force_enacted,operative,,,,low,False
ae-pt-implementation_status-001,AE,implementation_status,tier2_operational,"In-force regime. Milestones: CBUAE Payment Token Services Regulation (Circular 2/2024) issued (2024); one-year transition period for existing arrangements (2024-2025); transition period closes and AED tokens (AE Coin, Zand AED) go live, with the DFSA recognising USD tokens (USDC, RLUSD) (2025-2026). Multiple AED tokens and DFSA-recognised USD tokens are now live.",CBUAE PTSR (Circular 2/2024); DFSA recognition of USD tokens,https://rulebook.centralbank.ae/en/rulebook/payment-token-services-regulation,Timeline — PTSR 2024; one-year transition closed; AED + DFSA-recognised USD tokens live,official,not_checked,,,unknown,,,,unreviewed,not_started,,resolution_text,in_force_enacted,operative,,,,low,False
ae-pt-issuer_pathway-001,AE,issuer_pathway,tier1_legal,"Onshore, a Dirham Payment Token (DPT) may be issued only by a CBUAE-licensed, UAE-incorporated entity; a Foreign Payment Token (FPT) is a registered foreign issuer's token that may be used only to purchase virtual assets or derivatives, not for general payments. Banks may issue payment tokens through a subsidiary. Free-zone issuers operate under the VARA/FSRA/DFSA frameworks but cannot issue AED tokens — AED issuance is reserved to the CBUAE regime.",CBUAE PTSR (Circular 2/2024); VARA / ADGM-FSRA / DIFC-DFSA frameworks,https://rulebook.centralbank.ae/en/rulebook/payment-token-services-regulation,"Issuer pathways — DPT (CBUAE-licensed); FPT (foreign, VA/derivative-only); bank subsidiary; free-zone cannot issue AED",official,not_checked,,,unknown,,,,unreviewed,not_started,,resolution_text,in_force_enacted,operative,,,,low,False
ae-pt-monetary_sovereignty-001,AE,monetary_sovereignty,tier1_legal,"The CBUAE PTSR imposes a channel restriction grounded in monetary sovereignty: no merchant may accept a virtual asset as payment for goods or services unless it is a Dirham Payment Token from a CBUAE-licensed issuer. Foreign payment tokens may be accepted only to buy virtual assets or derivatives, not for general onshore payments. This is a usage-channel restriction, not an aggregate cap — there is no volume ceiling, but foreign tokens are excluded from the general-payments channel, which is reserved for CBUAE-licensed Dirham Payment Tokens.",CBUAE Payment Token Services Regulation (Circular 2/2024),https://rulebook.centralbank.ae/en/rulebook/payment-token-services-regulation,Channel restriction — merchants may accept only CBUAE-licensed Dirham Payment Tokens for goods/services; foreign tokens VA/derivative-only,official,not_checked,,,unknown,,,,unreviewed,not_started,,resolution_text,in_force_enacted,operative,,,,low,False
ae-pt-permitted_activity_yield-001,AE,permitted_activity_yield,tier1_legal,"Issuer-paid yield is prohibited onshore (CBUAE). ADGM permits the issuer to earn reserve income but bans the promotion of the token as an investment or savings product. The operative line in ADGM is promotion, not the earning of reserve income — an approach that resembles the US 'solely in connection with holding' analysis more than a flat prohibition.",CBUAE PTSR (Circular 2/2024); ADGM-FSRA FRT framework,https://rulebook.centralbank.ae/en/rulebook/payment-token-services-regulation,Yield — prohibited onshore; ADGM permits reserve income but bans investment/savings promotion,official,not_checked,,,unknown,,,,unreviewed,not_started,,resolution_text,in_force_enacted,operative,,,,low,False
ae-pt-redemption-001,AE,redemption,tier1_legal,"Onshore (CBUAE): redemption at par, no later than the next business day. ADGM: redemption at par within T+2. Free-zone frameworks specify their own redemption timelines.",CBUAE PTSR (Circular 2/2024); ADGM-FSRA FRT framework,https://rulebook.centralbank.ae/en/rulebook/payment-token-services-regulation,Redemption — CBUAE par <= next business day; ADGM par within T+2,official,not_checked,,,unknown,,,,unreviewed,not_started,,mixed,in_force_enacted,operative,,,,medium,False
ae-pt-regulatory_authority-001,AE,regulatory_authority,tier1_legal,"The UAE operates a federal-versus-free-zone split. Onshore, the Central Bank of the UAE (CBUAE) Payment Token Services Regulation (PTSR, Circular 2/2024) governs payment-token issuance and use. The financial free zones run their own fiat-referenced-token regimes: VARA (Dubai, outside the DIFC); the ADGM Financial Services Regulatory Authority (FSRA) under its Fiat-Referenced Token (FRT) framework; and the DIFC's Dubai Financial Services Authority (DFSA) under its Crypto Token rules.",CBUAE Payment Token Services Regulation (Circular 2/2024); VARA / ADGM-FSRA / DIFC-DFSA frameworks,https://rulebook.centralbank.ae/en/rulebook/payment-token-services-regulation,Regulators — CBUAE onshore; VARA / ADGM-FSRA / DIFC-DFSA free zones,official,not_checked,,,unknown,,,,unreviewed,not_started,,resolution_text,in_force_enacted,operative,,,,low,False
ae-pt-reserve_backing-001,AE,reserve_backing,tier1_legal,"Onshore: 100% backing, segregated in UAE banks. The bank-subsidiary option requires at least 50% cash plus UAE government bonds / CBUAE monetary bills. Free-zone frameworks impose their own reserve requirements (e.g., the ADGM FRT framework requires high-quality liquid reserves).",CBUAE PTSR (Circular 2/2024); ADGM FRT framework,https://rulebook.centralbank.ae/en/rulebook/payment-token-services-regulation,Reserve/backing — 100% segregated in UAE banks; bank-subsidiary >=50% cash + UAE govt bonds/CBUAE bills,official,not_checked,,,unknown,,,,unreviewed,not_started,,resolution_text,in_force_enacted,operative,,,,low,False
ae-pt-securities_classification-001,AE,securities_classification,tier1_legal,Payment tokens are regulated by the CBUAE as payment instruments under the Payment Token Services Regulation; securities are a separate perimeter under the SCA.,CBUAE Payment Token Services Regulation (2024),,Payment-token perimeter (CBUAE) vs. securities (SCA),unavailable,source_unavailable,,,unknown,,,,unreviewed,not_started,,firm_summary,in_force_enacted,operative,,,,high,False
br-vasp-aml_kyc-001,BR,aml_kyc,tier1_legal,"Res BCB 520 Art. 44 internalises the FATF Travel Rule as a domestic obligation: for each transfer the originator's institution must transmit complete data on the originator (name, CPF/CNPJ, account) and the beneficiary, including wallet addresses, plus suspicious-activity reporting and AML/CTF (PLD/FT) governance. Res BCB 521 adds Know-Your-Transaction (KYT) duties, requiring identification of self-hosted-wallet owners. Travel-Rule implementation is phased over two stages (Art. 89): first domestic transfers between Brazil-established PSAVs (by February 2027), then international transfers (full compliance by 2 February 2028); during the phase-in SPSAVs may rely on documented client self-declarations. Separately, Art. 88 is the authorisation adjustment/transition provision (the 270-day 'período de adequação' for entities already operating at entry into force), which carries general compliance obligations — internal controls, cybersecurity, and Law 13.810/2019 (UN Security Council sanctions) screening — but is NOT itself the Travel-Rule hook.","Res BCB 520/2025 Art. 44 (Travel Rule) + Art. 89 (two-stage phase-in: domestic by Feb 2027, international by 2 Feb 2028) + Art. 88 (authorisation adjustment period — 270-day adequação; internal controls / cybersecurity / Law 13.810/2019); Res BCB 521/2025 (KYT / self-hosted wallets)",https://www.bcb.gov.br/estabilidadefinanceira/exibenormativo?tipo=Resolução BCB&numero=520,Res BCB 520/2025 (PLD/FTP obligations on SPSAVs; ≥3 responsible administrators including AML/CFT; GAFI Recs 15-16 alignment); Lei 14.478/2022,official,checked,2026-06-27,2026-07-27,stale,24,external review (web retrieval against official sources),,primary_reviewed_second_pending,not_started,,resolution_text,in_force_enacted,operative,2026-02-02,,,low,False
br-vasp-bank_nonbank_routing-001,BR,bank_nonbank_routing,tier1_legal,Virtual-asset services are supervised by the Banco Central do Brasil; issuance and distribution run through authorized payment/virtual-asset service providers under the central bank's prudential perimeter.,Lei 14.478/2022; BCB regulations,https://www.bcb.gov.br/estabilidadefinanceira/exibenormativo?tipo=Resolução BCB&numero=520,"Res BCB 520/2025 Art. 20 (besides SPSAVs, only commercial/exchange/investment/multiple banks, Caixa, CTVM/DTVM and FX brokers may provide intermediation/custody, with restrictions); Art. 4 (SPSAV modalities)",official,checked,2026-06-27,2026-07-27,stale,24,external review (web retrieval against official sources),,primary_reviewed_second_pending,not_started,,resolution_text,in_force_enacted,operative,,,,low,False
br-vasp-capital_requirements-001,BR,capital_requirements,tier1_legal,"Minimum capital for SPSAVs is set by Resolução Conjunta CMN/BCB nº 14/2025 and Res BCB 517/2025 (both 3 Nov 2025), scaled by activity/modality. Per the BCB's 10 Nov 2025 press conference the range is R$10,800,000–R$37,200,000 (ANBIMA: 'VASPs must now hold R$10.8 million to R$37.2 million in minimum capital'). Res BCB 519/520 do not hard-code a capital figure; they cross-refer to this methodology. FX-authorised institutions (banks, DTVM/CTVM, corretoras de câmbio) remain subject to their existing prudential regimes. IMPORTANT: the frequently-cited R$1m–3m (~USD 181,500–544,500) range was the REJECTED 2024 public-consultation (CP 109/110) proposal, NOT the binding regime.",Resolução Conjunta CMN/BCB nº 14/2025; Res BCB 517/2025 (both 3 Nov 2025) — SPSAV minimum-capital methodology,https://www.bcb.gov.br/estabilidadefinanceira/exibenormativo?tipo=Resolução BCB&numero=517,"Resolução Conjunta CMN/BCB nº 14/2025 + Res BCB nº 517/2025 (both 3 Nov 2025): minimum capital R$10,800,000 to R$37,200,000 scaled by the set of activities performed",official,checked,2026-06-27,2026-07-27,stale,24,external review (web retrieval against official sources),,primary_reviewed_second_pending,not_started,,resolution_text,in_force_enacted,operative,2026-02-02,,,low,False
br-vasp-cross_border_data-001,BR,cross_border_data,tier1_legal,"Res BCB 521 integrates authorised SPSAVs' virtual-asset international payments and transfers into the Brazilian foreign-exchange (câmbio) market, regulating the Foreign Exchange Law (Lei 14.286/2021). In scope: international payment/transfer with virtual assets; settlement of international card obligations; transfers to/from self-hosted wallets; and purchase/sale/exchange of fiat-referenced virtual assets. Each operation carries a per-operation cap that binds when the foreign counterparty is NOT authorised to operate in the Brazilian FX market: USD 100,000 for an SPSAV and USD 500,000 for an FX-authorised institution (bank / DTVM / CTVM / corretora de câmbio). Operations require purpose classification under BCB FX codes, identification/traceability of parties (KYT), and identification of self-hosted-wallet owners; cash settlement is prohibited.",Res BCB 521/2025 (virtual assets in the FX market); Lei 14.286/2021 (Foreign Exchange Law),https://www.bcb.gov.br/estabilidadefinanceira/exibenormativo?tipo=Resolu%C3%A7%C3%A3o%20BCB&numero=521,"Res BCB 521 — per-operation caps (USD 100k SPSAV / USD 500k FX-FI when counterparty not FX-authorised); amends the Res 277/278/279 FX trio, inserting Art. 76-A into Res 277/2022 as the câmbio-inclusion hook (legal base: Lei 14.286/2021)",official,not_checked,,,unknown,,,,unreviewed,not_started,,firm_summary,in_force_enacted,operative,2026-02-02,,,high,False
br-vasp-custody-001,BR,custody,tier1_legal,"Res BCB 520 requires mandatory patrimonial segregation: client funds — both fiat and virtual assets — must be fully segregated from the SPSAV's own funds, held in accounts/wallets distinct from corporate treasury, demonstrable beyond accounting records. Custody may be outsourced to a licensed custodian, but regulatory accountability cannot be transferred. (Sources also report a limited own-asset liquidity carve-out and conditions for using foreign custodians; the specific percentage and the foreign-custodian conditions remain to be confirmed against the resolution text.)",Res BCB 520/2025 — patrimonial segregation (segregação patrimonial),https://www.bcb.gov.br/estabilidadefinanceira/exibenormativo?tipo=Resolução BCB&numero=520,"Res BCB 520/2025 (patrimonial segregation: client funds in individualised payment/deposit accounts; client virtual assets in segregated wallets; foreign-custodian conditions — home-country authorisation/supervision, Brazil representative, enforceable guarantees, formal segregation of Brazilian clients' assets)",official,checked,2026-06-27,2026-07-27,stale,24,external review (web retrieval against official sources),,primary_reviewed_second_pending,not_started,,resolution_text,in_force_enacted,operative,2026-02-02,,,low,False
br-vasp-disclosure_reporting-001,BR,disclosure_reporting,tier1_legal,"Res BCB 520 requires SPSAVs to document proof-of-reserves methods and to publish reports and reserve attestations, with an independent audit on a biennial basis (sources: 'biennial / biannual independent audit cycle'). Res BCB 521 Art. 82-A adds mandatory monthly reporting to the BCB of all FX transactions and international transfers involving virtual assets (including self-hosted-wallet data and counterparty identification), following the model used for traditional international transactions; the information is reported per 'Anexo II-A' and the obligation commences 4 May 2026. Instrução Normativa BCB 701 (22 Jan 2026) sets the form of the independent technical certification for intermediation/custody.",Res BCB 520/2025 (proof-of-reserves + biennial independent audit + published reports); Res BCB 521/2025 Art. 82-A (monthly BCB reporting); IN BCB 701 (22 Jan 2026),https://www.bcb.gov.br/estabilidadefinanceira/exibenormativo?tipo=Resolução BCB&numero=520,Res BCB 520/2025 (proof of reserves; periodic audits; transparent information flows); Res BCB 521/2025 (monthly FX-operations reporting from 4 May 2026),official,checked,2026-06-27,2026-07-27,stale,24,external review (web retrieval against official sources),,primary_reviewed_second_pending,not_started,,resolution_text,in_force_enacted,operative,2026-05-04,,,low,False
br-vasp-issuer_pathway-001,BR,issuer_pathway,tier1_legal,"Providing virtual-asset services in Brazil requires prior BCB authorisation as an SPSAV. Under Res BCB 520 Art. 4 there are three modalities — Intermediário, Custodiante and Corretor (intermediary / custodian / broker, the broker combining both functions); a provider may not accumulate incompatible functions. Already-regulated institutions may also offer virtual-asset services on notification to the BCB: commercial / investment / multiple banks, Caixa Econômica Federal, and securities brokers (CTVM), distributors (DTVM) and FX dealers (corretoras de câmbio). Overseas providers must be authorised before operating, requiring a local subsidiary or partnership with a licensed local entity. Grandfathering: providers operating before 2 Feb 2026 may continue while authorisation is processed (apply within ~260–270 days), but transactions with non-authorised providers are prohibited from 30 Oct 2026, after which a non-compliant provider must cease within 30 days.",Res BCB 519/2025 (authorisation regime); Res BCB 520/2025 Art. 4 (provider modalities),https://www.bcb.gov.br/estabilidadefinanceira/exibenormativo?tipo=Resolução BCB&numero=519,"Lei 14.478/2022 (BCB authorisation required to provide virtual-asset services); Res BCB 519/2025 (authorisation process); Res BCB 520/2025 Art. 4 (three SPSAV modalities: intermediária, custodiante, corretora), Art. 14 (sociedade limitada/anônima; ≥3 administrators; head office in Brazil); authorisation deadline 30 Oct 2026 (270 days)",official,checked,2026-06-27,2026-07-27,stale,24,external review (web retrieval against official sources),,primary_reviewed_second_pending,not_started,,resolution_text,in_force_enacted,operative,2026-02-02,,,low,False
br-vasp-monetary_sovereignty-001,BR,monetary_sovereignty,tier1_legal,"Brazil does not impose a MiCA-style volume cap on the use of non-domestic-currency (e.g. USD) stablecoins as a means of exchange. Instead it asserts monetary-sovereignty control through three mechanisms: (i) reclassifying cross-border virtual-asset payments as foreign-exchange (câmbio) operations under Lei 14.286/2021 (Res BCB 521), bringing them into the FX / balance-of-payments perimeter; (ii) per-operation caps on those FX-classified operations (USD 100k SPSAV / USD 500k FX-FI where the counterparty is not FX-authorised); and (iii) closing the eFX retail rail's external settlement leg to virtual assets (Res BCB 561), so mass low-value flows cannot settle abroad in crypto. Context: estimates of the stablecoin share of Brazilian crypto activity vary by metric and period — BCB officials have cited roughly 90% of crypto flows, while some market trackers report nearer two-thirds (~67%) of crypto volume; either way stablecoins dominate, which motivated the FX framing. [share figure to be locked to a single dated source before citing as primary].",Res BCB 521/2025 (FX reclassification + caps); Res BCB 561/2026 (eFX exclusion); Lei 14.286/2021,https://www.bcb.gov.br/estabilidadefinanceira/exibenormativo?tipo=Resolução BCB&numero=521,"Res BCB 521/2025 (amends Res 277/278/279 of 31 Dec 2022): virtual-asset services brought into the FX market — international payments/transfers, stablecoin trades, and payment of expenses abroad treated as câmbio operations; monthly reporting to the BCB from 4 May 2026",official,checked,2026-06-27,2026-07-27,stale,24,external review (web retrieval against official sources),,primary_reviewed_second_pending,not_started,,resolution_text,in_force_enacted,operative,2026-02-02,,,low,False
br-vasp-permitted_activity_yield-001,BR,permitted_activity_yield,tier1_legal,The VASP framework and the central bank's implementing rulemaking are still being finalized; whether and how issuers or intermediaries may pass through yield is not yet settled.,Lei 14.478/2022 (Marco Legal dos Ativos Virtuais); BCB implementing rulemaking,https://www.bcb.gov.br/estabilidadefinanceira/exibenormativo?tipo=Resolução BCB&numero=520,Res BCB 520/2025 (VASPs may not offer credit to clients or raise funds from the public except via share issuance; client virtual assets may not be used for proprietary operations except staking and qualified/professional-investor transactions),official,not_checked,,,unknown,,,,unreviewed,not_started,,firm_summary,in_force_enacted,operative,,,,high,False
br-vasp-regulatory_authority-001,BR,regulatory_authority,tier1_legal,"Lei 14.478/2022 (Marco Legal dos Ativos Virtuais) and Decreto 11.563/2023 designate the Banco Central do Brasil (BCB) as the authority for virtual-asset service providers (SPSAVs), while preserving the Comissão de Valores Mobiliários (CVM) jurisdiction over virtual assets that are securities (token taxonomy follows CVM Parecer de Orientação 40). The operative VASP framework is Res BCB 519/520/521 (pub. 10 Nov 2025; in force 2 Feb 2026), supplemented by Res BCB 561/2026 for the eFX rail. The foreign-exchange classification of cross-border virtual-asset payments rests on the Foreign Exchange Law, Lei 14.286/2021.",Lei 14.478/2022 (Marco Legal dos Ativos Virtuais); Decreto 11.563/2023 (BCB as VASP authority; CVM carve-out for securities tokens),https://www.planalto.gov.br/ccivil_03/_ato2019-2022/2022/lei/l14478.htm,Lei 14.478/2022 arts. 2-9; Decreto 11.563/2023 (BCB designated competent authority for virtual-asset services; CVM retains jurisdiction over tokens that are securities),official,checked,2026-06-27,2026-07-27,stale,24,external review (web retrieval against official sources),,primary_reviewed_second_pending,not_started,,resolution_text,in_force_enacted,operative,2026-02-02,,,low,False
br-vasp-reserve_backing-001,BR,reserve_backing,tier1_legal,"For a fiat-referenced virtual asset (stablecoin), Res BCB 520/2025 defines the reserve assets as the fiduciary currency plus public debt issued by the same governments that issue those currencies (Art. 2, III), requires proof of reserves, and prohibits algorithmic reserve control with public disclosure of the criteria (Arts. 64+). In force 2 Feb 2026.",Res BCB 520/2025 — stablecoin definition + asset-curation / listing-policy rules,https://www.bcb.gov.br/estabilidadefinanceira/exibenormativo?tipo=Resolução BCB&numero=520,"Res BCB 520/2025 Art. 2, III (reserve assets of a fiat-referenced token = the fiduciary currency and public debt issued by the same governments); Arts. 64+ (asset curation; algorithmic-stablecoin prohibition; proof of reserves)",official,checked,2026-06-27,2026-07-27,stale,24,external review (web retrieval against official sources),,primary_reviewed_second_pending,not_started,,resolution_text,in_force_enacted,operative,2026-02-02,,,low,False
br-vasp-securities_classification-001,BR,securities_classification,tier1_legal,"Lei 14.478/2022 and Decreto 11.563/2023 preserve CVM jurisdiction over virtual assets that are securities (valores mobiliários) and over investor-protection issues; the functional securities-vs-virtual-asset distinction follows CVM Parecer de Orientação 40. A token with collective-investment / securities characteristics is regulated by the CVM, not (only) by the BCB SPSAV regime. Brazilian investment funds — the natural routing destination — are governed by Resolução CVM 175. A USD-referenced payment stablecoin is treated by the BCB as a foreign-exchange instrument rather than a security.",Lei 14.478/2022 + Decreto 11.563/2023 (CVM carve-out); CVM Parecer de Orientação 40; Resolução CVM 175 (investment funds),https://www.planalto.gov.br/ccivil_03/_ato2019-2022/2022/lei/l14478.htm,Lei 14.478/2022; Decreto 11.563/2023 (BCB over payment/VASP activity; CVM jurisdiction preserved over tokens with securities characteristics),official,checked,2026-06-27,2026-07-27,stale,24,external review (web retrieval against official sources),,primary_reviewed_second_pending,not_started,,resolution_text,in_force_enacted,operative,2026-02-02,,,low,False
ch-frs-aml_kyc-001,CH,aml_kyc,tier1_legal,"FINMA Guidance 06/2024 imposes the strictest AML posture in the survey: the issuer must identify every holder, including intermediate holders, treating each as a customer, and anonymous transfers are prohibited. Full AMLA obligations apply and the FATF travel rule applies.",FINMA Guidance 06/2024; Anti-Money Laundering Act (AMLA),https://www.finma.ch/en/news/2024/07/20240726-m-am-06-24-stablecoins/,AML — identify every holder incl. intermediate holders; anonymous transfers prohibited,official,not_checked,,,unknown,,,,unreviewed,not_started,,resolution_text,in_force_enacted,operative,,,,low,False
ch-frs-bank_nonbank_routing-001,CH,bank_nonbank_routing,tier1_legal,"Depending on structure, stablecoin issuance may require a banking licence or operate under the DLT framework; the bank/non-bank line turns on whether deposits are accepted and how reserves are held.",Banking Act; DLT Act (2021); FINMA stablecoin guidance,,Banking-licence vs. DLT-framework routing for issuance,unavailable,source_unavailable,,,unknown,,,,unreviewed,not_started,,firm_summary,in_force_enacted,operative,,,,high,False
ch-frs-capital_requirements-001,CH,capital_requirements,tier1_legal,"For licensed-institution pathways, capital requirements apply per the Banking Act / FinTech-licence framework. For the bank-guarantee pathway there is no separate stablecoin capital schedule; the guarantee performs the protective function in place of a prescribed capital buffer.",Banking Act / FinTech-licence framework; FINMA Guidance 06/2024,https://www.fedlex.admin.ch/eli/cc/1934/121/de,Capital — per licence for licensed institutions; no separate schedule under the guarantee pathway,official,not_checked,,,unknown,,,,unreviewed,not_started,,mixed,in_force_enacted,operative,,,,medium,False
ch-frs-cross_border_data-001,CH,cross_border_data,tier1_legal,The Swiss Federal Act on Data Protection (FADP) applies (revised FADP in force September 2023). Cross-border data transfer requires adequate protection in the recipient state or appropriate safeguards. Switzerland maintains adequacy recognition with the EU.,"Federal Act on Data Protection (revised FADP, in force Sep 2023)",,Cross-border transfer — adequacy or safeguards; EU adequacy maintained,unavailable,source_unavailable,,,unknown,,,,unreviewed,not_started,,firm_summary,in_force_enacted,operative,2023-09-01,,,high,False
ch-frs-disclosure_reporting-001,CH,disclosure_reporting,tier1_legal,"FINMA guidance imposes AML, disclosure and reporting expectations on issuers, with supervisory coordination available.",FINMA stablecoin guidance; AMLA,,"AML, disclosure and supervisory reporting expectations",unavailable,source_unavailable,,,unknown,,,,unreviewed,not_started,,firm_summary,in_force_enacted,operative,,,,high,False
ch-frs-distribution-001,CH,distribution,tier1_legal,"There is no monetary-sovereignty usage cap and no distribution-volume restriction; foreign-currency stablecoins are not channel-restricted. The bank-guarantee structure and the FINMA holder-identification requirement are the practical distribution constraints, not caps.",FINMA Guidance 06/2024; Banking Act framework,https://www.finma.ch/en/news/2024/07/20240726-m-am-06-24-stablecoins/,Distribution — no caps/channel restriction; guarantee + holder-ID are the practical limits,official,not_checked,,,unknown,,,,unreviewed,not_started,,mixed,in_force_enacted,operative,,,,medium,False
ch-frs-implementation_status-001,CH,implementation_status,tier2_operational,"Guidance-in-force regime. Milestones: FINMA Guidance 06/2024 published (Jul 2024); bank-guarantee and licensed-institution pathways in operation (2024-2025); consultation on a Financial Institutions Act (FinIA) amendment creating a dedicated payment-instrument-institution licence to replace the guarantee workaround closed (6 Feb 2026); six-bank CHF stablecoin sandbox launched (8 Apr 2026). If enacted, the FinIA amendment would replace the guarantee workaround with a purpose-built regime.",FINMA Guidance 06/2024; FinIA-amendment consultation (closed 6 Feb 2026),https://www.finma.ch/en/news/2024/07/20240726-m-am-06-24-stablecoins/,Timeline — guidance Jul 2024; FinIA consultation closed 6 Feb 2026; 6-bank CHF sandbox 8 Apr 2026,official,not_checked,,,unknown,,,,unreviewed,not_started,,mixed,in_force_enacted,operative,2024-07-01,,,medium,False
ch-frs-issuer_pathway-001,CH,issuer_pathway,tier1_legal,"Two issuer pathways. Pathway 1 (licensed institution): an issuer holding a banking licence, or a FinTech licence under Art. 1b of the Banking Act, may issue stablecoins as a licensed institution. Pathway 2 (bank default-guarantee exemption): a non-bank issuer avoids the deposit-taking prohibition by securing a default guarantee (Bankengarantie) from a Swiss bank covering the deposited funds; under Banking Ordinance Art. 5(3)(f) funds covered by such a guarantee are not deposits, so the issuer is not engaged in unauthorized deposit-taking. The entire non-bank issuance market runs through this single textual aperture.",Banking Act Art. 1b (FinTech licence); Banking Ordinance Art. 5(3)(f) (deposit exclusion); FINMA Guidance 06/2024,https://www.fedlex.admin.ch/eli/cc/2014/273/de,Issuer pathways — licensed-institution vs bank-guarantee exemption (BankO Art. 5(3)(f)),official,not_checked,,,unknown,,,,unreviewed,not_started,,resolution_text,in_force_enacted,operative,,,,low,False
ch-frs-monetary_sovereignty-001,CH,monetary_sovereignty,tier1_legal,"There is no monetary-sovereignty usage cap: foreign-currency stablecoins are not restricted by volume or channel. The practical constraints are the bank-guarantee structure and the AML holder-identification requirement, not distribution caps. Switzerland thus sits at the permissive end of the C7 spectrum, in contrast to the EU's Article 23 quantitative cap, the UAE's onshore channel restriction, and the PRC prohibition.",FINMA Guidance 06/2024 (no usage cap); Banking Act framework,https://www.fedlex.admin.ch/eli/cc/2014/273/de,Monetary sovereignty — no usage cap; foreign-currency tokens unrestricted,official,not_checked,,,unknown,,,,unreviewed,not_started,,resolution_text,in_force_enacted,operative,,,,low,False
ch-frs-permitted_activity_yield-001,CH,permitted_activity_yield,tier1_legal,"Paying yield to holders is NOT prohibited — Switzerland is the clearest survey example of a regime where holder yield is permitted but structurally constrained. Under the bank-guarantee pathway the guarantee must cover any interest earned, so the cost of offering yield is the cost of guaranteeing it; the protective mechanism scales with the yield offered. This contrasts sharply with the prohibition cluster (EU Art. 50; HK Sched. 2 s.15; US GENIUS Act § 4(a)(11)).",FINMA Guidance 06/2024; Banking Ordinance Art. 5(3)(f),https://www.finma.ch/en/news/2024/07/20240726-m-am-06-24-stablecoins/,"Yield permitted; bank guarantee must cover interest (structural constraint, not prohibition)",official,not_checked,,,unknown,,,,unreviewed,not_started,,resolution_text,in_force_enacted,operative,,,,low,False
ch-frs-redemption-001,CH,redemption,tier1_legal,"Redemption is a payment claim against the issuer (or, on issuer default, against the guaranteeing bank). There is no statutory at-par redemption mandate; the claim is contractual, backed by the guarantee. Stablecoin holders are not deposit-insured — the bank guarantee, not deposit insurance, is the protection.",Banking Ordinance Art. 5(3)(f); FINMA Guidance 06/2024,https://www.finma.ch/en/news/2024/07/20240726-m-am-06-24-stablecoins/,Redemption — contractual claim vs issuer / guaranteeing bank; no statutory par mandate; not deposit-insured,official,not_checked,,,unknown,,,,unreviewed,not_started,,mixed,in_force_enacted,operative,,,,medium,False
ch-frs-regulatory_authority-001,CH,regulatory_authority,tier1_legal,"Switzerland has no bespoke stablecoin statute: stablecoins are regulated by applying existing financial law — the Banking Act and Banking Ordinance (notably Banking Ordinance Art. 5(3)(f), which removes guaranteed funds from the deposit definition), the DLT Act and the Financial Market Infrastructure Act (FinMIA), the Collective Investment Schemes Act (CISA), and the Anti-Money Laundering Act (AMLA). FINMA Guidance 06/2024 sets out FINMA's supervisory position on stablecoins, including AML treatment and the conditions of the bank-guarantee exemption. FINMA is the primary supervisor; the SNB oversees systemic financial market infrastructures.",Banking Act and Banking Ordinance; FINMA Guidance 06/2024 (Stablecoins),https://www.fedlex.admin.ch/eli/cc/1934/121/de,FINMA as primary stablecoin supervisor; SNB for systemic FMIs; no bespoke statute,official,not_checked,,,unknown,,,,unreviewed,not_started,,resolution_text,in_force_enacted,operative,,,,low,False
ch-frs-reserve_backing-001,CH,reserve_backing,tier1_legal,"There is no statutory reserve schedule (no mandated asset list or percentages). Under the bank-guarantee pathway the protective mechanism is the guarantee, not a prescribed reserve portfolio: the guarantee must cover the principal plus interest of the deposited funds. If the arrangement is structured so that assets are held for the account of holders (rather than as a claim against the issuer), collective investment scheme (CIS) rules under CISA may apply.",Banking Ordinance Art. 5(3)(f); FINMA Guidance 06/2024; Collective Investment Schemes Act (CISA),https://www.fedlex.admin.ch/eli/cc/2014/273/de,Reserve/backing — no statutory schedule; guarantee covers principal + interest; CISA characterization risk,official,not_checked,,,unknown,,,,unreviewed,not_started,,resolution_text,in_force_enacted,operative,,,,low,False
ch-frs-securities_classification-001,CH,securities_classification,tier1_legal,"If a stablecoin arrangement is structured so that assets are held for the account of holders (rather than as a contractual claim against the issuer), collective-investment-scheme rules under the Collective Investment Schemes Act (CISA) may apply. The operative characterization question is whether holding assets for holders to generate yield converts the arrangement into a CIS — the Swiss analogue to the securities-classification spine.",Collective Investment Schemes Act (CISA); FINMA Guidance 06/2024,https://www.finma.ch/en/news/2024/07/20240726-m-am-06-24-stablecoins/,CISA characterization where assets are held for the account of holders,official,not_checked,,,unknown,,,,unreviewed,not_started,,mixed,in_force_enacted,operative,,,,medium,False
cn-prc-aml_kyc-001,CN,aml_kyc,tier1_legal,"The Anti-Money Laundering Law of the PRC and PBOC AML/CFT regulations apply to all financial institutions, and cryptocurrency-related transactions are explicitly subject to AML scrutiny under the 2017 ICO Notice (94 公告) and supporting circulars.",Anti-Money Laundering Law of the PRC; PBOC AML/CFT regulations; 2017 ICO Notice (94 公告),,AML — PRC AML Law; PBOC AML/CFT; crypto AML scrutiny under 94 公告,unavailable,source_unavailable,,,unknown,,,,unreviewed,not_started,,unverified,in_force_enacted,operative,,,,high,False
cn-prc-bank_nonbank_routing-001,CN,bank_nonbank_routing,tier1_legal,"With no domestic issuance pathway, there is no bank/non-bank routing architecture for compliant private-token issuance to characterize.",PBOC framework; 2021 inter-ministerial Notice,,Absence of a compliant issuance/routing architecture,unavailable,source_unavailable,,,unknown,,,,unreviewed,not_started,,unverified,prohibition,prohibited,,,,high,False
cn-prc-capital_requirements-001,CN,capital_requirements,tier1_legal,"Capital requirements are not applicable to domestic issuance. On the indirect Hong Kong pathway, the HKMA HK$25 million paid-up share capital applies to the HK-licensed entity; for PRC-listed parents, capital injected into the HK subsidiary is subject to SAFE outbound-investment registration and consolidates into the parent's financial statements under the Accounting Standards for Business Enterprises.",HKMA capital rules (HK entity); SAFE outbound-investment registration; Accounting Standards for Business Enterprises,,Capital — N/A domestically; indirect HK HK$25m + SAFE registration + consolidation,unavailable,source_unavailable,,,unknown,,,,unreviewed,not_started,,unverified,prohibition,prohibited,,,,high,False
cn-prc-cross_border_data-001,CN,cross_border_data,tier1_legal,"Even where issuance is prohibited, stablecoin-related personal data (wallet KYC and merchant-onboarding data tied to PRC residents) falls within PIPL outbound-transfer scope and is the binding constraint that reaches non-PRC-affiliated cross-border firms. PIPL (effective 1 Nov 2021) requires that any cross-border transfer of personal information satisfy one of three gates: (a) a CAC security assessment, (b) personal-information-protection certification by a CAC-approved body, or (c) a CAC Standard Contract. The Data Security Law (DSL, effective 1 Sep 2021) subjects cross-border transfer of 'important data' to security review. The 22 March 2024 Provisions on Promoting and Regulating Cross-Border Data Flows raise the thresholds for mandatory security assessment, giving partial relief for routine business data (e.g. HR and contract-performance data). Free Trade Zone negative lists (Shanghai, Beijing, Hainan, and others) provide additional zone-specific relief.","Personal Information Protection Law (PIPL, eff. 1 Nov 2021); Data Security Law (DSL, eff. 1 Sep 2021); CAC Provisions on Promoting and Regulating Cross-Border Data Flows (22 Mar 2024)",,PIPL three-gate outbound transfer; DSL important-data review; March 2024 threshold relief; FTZ negative lists,unavailable,source_unavailable,,,unknown,,,,unreviewed,not_started,,unverified,in_force_enacted,operative,2021-11-01,,,high,False
cn-prc-distribution-001,CN,distribution,tier1_legal,"All cryptocurrency promotion, offering, and trading is prohibited within PRC territory, so there is no domestic distribution channel. For PRC-connected groups operating via Hong Kong, the indirect pathway carries three independent layers of constraint: (i) A-share listing rules (a Hong Kong subsidiary's stablecoin activities are subject to related-party-transaction disclosure, results consolidate into the listed parent under the Accounting Standards for Business Enterprises, and the CSRC may require special disclosure or pre-notification); (ii) SAFE outbound-capital control (capital injections into the HK subsidiary, profit repatriation, and intra-group financing are subject to SAFE registration and quota limits); and (iii) PBOC/CAC supervisory posture: the 2026 Notice (银发〔2026〕42号, in force 6 Feb 2026) now puts in writing the prohibition on private RMB-pegged stablecoin issuance, replacing the unpublished 2025 signalling and adding an explicit extraterritorial issuance ban.",PRC prohibition on cryptocurrency promotion/offering/trading within territory; CSRC A-share disclosure rules; SAFE outbound-capital controls; PBOC/CAC October 2025 guidance,https://www.csrc.gov.cn/csrc/c100028/c7614318/content.shtml,Domestic distribution prohibited; three indirect-pathway constraint layers (A-share / SAFE / PBOC-CAC),official,not_checked,,,unknown,,,,unreviewed,not_started,,unverified,prohibition,prohibited,,,,high,False
cn-prc-implementation_status-001,CN,implementation_status,tier2_operational,"The regime is a stable prohibition with no scheduled formal rule change. Key milestones: the 2017 ICO ban (94 公告); the Data Security Law (1 Sep 2021); the reaffirmed comprehensive prohibition extended to offshore exchanges (24 Sep 2021); PIPL (1 Nov 2021); the 22 March 2024 cross-border data Provisions; the 2025 Hong Kong application window in which PRC-connected groups (Ant, JD, and state-owned banks) applied or expressed interest; and the 10 April 2026 HK first-license cohort, which excluded all PRC-connected applicants, private and state alike.",94 公告 (2017); DSL (2021); PIPL (2021); 2024 cross-border data Provisions; HKMA April 2026 first-license cohort,,Implementation timeline — stable prohibition; 2017-2026 milestones,unavailable,source_unavailable,,,unknown,,,,unreviewed,not_started,,unverified,no_regime,no_regime,2021-09-24,,,high,False
cn-prc-issuer_pathway-001,CN,issuer_pathway,tier1_legal,"There is no domestic stablecoin issuance pathway. The 2017 ICO Notice (94公告) policy continues, and the 2026 Notice (银发〔2026〕42号, which repealed the 2021 Notice) treats token issuance and virtual-currency business activity as prohibited, upgrading the banned act from token-offering financing to issuing virtual currency. The live regulatory questions for PRC-connected groups therefore concern the indirect pathway through Hong Kong and the cross-border data, capital, and disclosure constraints that condition it, not a domestic licence. The behavioural boundary observed in 2025 tracks a private/state distinction: private internet groups (Ant, JD) applied for HK licences and then withdrew in October 2025; state-linked banks expressed interest and paused; and no PRC-affiliated applicant received a licence in the April 2026 first round.","《关于进一步防范和处置虚拟货币等相关风险的通知》(银发〔2026〕42号, 6 Feb 2026; repealed 银发〔2021〕237号); 2017 ICO Notice (94公告)",https://www.csrc.gov.cn/csrc/c100028/c7614318/content.shtml,"银发〔2026〕42号 (virtual-currency-related business activities in the PRC are illegal financial activities, strictly prohibited; the prohibited act is upgraded from '代币发行融资' (token-offering financing, 2021) to '发行虚拟货币' (issuing virtual currency), now reaching non-fundraising / airdrop / utility issuance)",official,not_checked,,,unknown,,,,unreviewed,not_started,,firm_summary,prohibition,prohibited,2021-09-24,,,high,False
cn-prc-monetary_sovereignty-001,CN,monetary_sovereignty,tier1_legal,"Mainland China occupies the prohibitive pole of the monetary-sovereignty constraint. The eight-ministry Notice 银发〔2026〕42号 (in force 6 Feb 2026) reaffirms that virtual currencies have no legal-tender status and adds an explicit WRITTEN prohibition on overseas issuance of RMB-pegged stablecoins without lawful approval (未经许可，境内外任何主体不得在境外发行挂钩人民币的稳定币), plus an extraterritorial ban on PRC-controlled entities issuing virtual currencies abroad and restrictions on RWA tokenisation.","《关于进一步防范和处置虚拟货币等相关风险的通知》(银发〔2026〕42号, eff. 6 Feb 2026; repealed 银发〔2021〕237号); 2017 ICO Notice (94公告)",https://www.csrc.gov.cn/csrc/c100028/c7614318/content.shtml,"银发〔2026〕42号 — 未经许可，境内外任何主体不得在境外发行挂钩人民币的稳定币 (no entity, domestic or overseas, may issue RMB-pegged stablecoins overseas without approval); 境内主体及其控制的境外主体不得在境外发行虚拟货币 (PRC-controlled entities may not issue virtual currencies abroad); RWA tokenisation restrictions",official,not_checked,,,unknown,,,,unreviewed,not_started,,firm_summary,prohibition,prohibited,,,,high,False
cn-prc-permitted_activity_yield-001,CN,permitted_activity_yield,tier1_legal,"Because private token issuance and related fundraising are prohibited, there is no lawful domestic issuer that could pay yield; the yield question does not arise within a permitted perimeter.",PBOC et al. Notice on Preventing Token Fundraising Risks (2017); related circulars,,Prohibition context — no permitted issuer to which a yield rule could attach,unavailable,source_unavailable,,,unknown,,,,unreviewed,not_started,,unverified,prohibition,prohibited,,,,high,False
cn-prc-regulatory_authority-001,CN,regulatory_authority,tier1_legal,"No single stablecoin regulator exists because there is no lawful domestic issuance pathway; instead, a coordinated multi-agency prohibition perimeter governs. The eight-ministry Notice 银发〔2026〕42号 (in force 6 Feb 2026), issued jointly with the Cyberspace Administration and the two supreme judicial organs, sets the perimeter: the People's Bank of China (PBOC) leads, with the NDRC, MIIT, MPS, SAMR, NFRA, CSRC, and SAFE. The 2026 Notice put the prohibition on private RMB-pegged stablecoin issuance into writing, formalising the stance PBOC had signalled to PRC tech groups in 2025. The CAC governs ICP, deep-synthesis/generative-AI content, and cross-border data flows; the CSRC governs A-share issuer disclosure and has directed brokerages to pause Hong Kong tokenisation activity; MIIT and SAFE supply supporting telecoms/ICP and outbound-capital measures.","《关于进一步防范和处置虚拟货币等相关风险的通知》(银发〔2026〕42号, 6 Feb 2026); issuing bodies: PBOC, NDRC, MIIT, MPS, SAMR, NFRA, CSRC, SAFE, with 中央网信办/最高法/最高检",https://www.csrc.gov.cn/csrc/c100028/c7614318/content.shtml,银发〔2026〕42号 (a coordinated multi-agency prohibition perimeter; eight ministries plus the cyberspace administration and the two supreme judicial organs),official,not_checked,,,unknown,,,,unreviewed,not_started,,firm_summary,prohibition,prohibited,,,,high,False
cn-prc-reserve_backing-001,CN,reserve_backing,tier1_legal,"Reserve requirements are not applicable to domestic issuance, which is prohibited. On the indirect pathway through Hong Kong, HKMA reserve requirements apply to the HK-licensed entity; the PRC-connected parent holds no reserve obligation directly under PRC law but faces consolidation treatment under A-share listing rules.",PRC prohibition on domestic issuance; HKMA reserve rules apply to HK-licensed entity (indirect pathway),,Reserve — N/A domestically; indirect HK pathway + A-share consolidation,unavailable,source_unavailable,,,unknown,,,,unreviewed,not_started,,unverified,prohibition,prohibited,,,,high,False
cn-prc-securities_classification-001,CN,securities_classification,tier1_legal,Token issuance and exchange activity have been treated as unauthorized public fundraising / illegal financial activity rather than admitted securities offerings; there is no compliant securities pathway for private tokens.,《关于进一步防范和处置虚拟货币等相关风险的通知》(银发〔2026〕42号); CSRC 公告〔2026〕1号《关于境内资产境外发行资产支持证券代币的监管指引》,https://www.csrc.gov.cn/csrc/c100028/c7614318/content.shtml,银发〔2026〕42号 (token issuance treated as illegal public fundraising / illegal financial activity); CSRC 公告〔2026〕1号 (RWA asset-backed-securities-token guidance: filing system + negative list for onshore-asset offshore ABS-token issuance),official,not_checked,,,unknown,,,,unreviewed,not_started,,firm_summary,prohibition,prohibited,,,,high,False
eu-emt-bank_nonbank_routing-001,EU,bank_nonbank_routing,tier1_legal,"Because EMT issuers must be credit institutions or e-money institutions, issuance sits inside the bank / e-money prudential framework; reserve assets must be safeguarded and segregated from the issuer's estate.","MiCA, Regulation (EU) 2023/1114; EMD2 (Directive 2009/110/EC)",,Issuer prudential status; safeguarding/segregation of reserve assets,unavailable,source_unavailable,,,unknown,,,,unreviewed,not_started,,firm_summary,in_force_enacted,operative,,,,high,False
eu-emt-cross_border_data-001,EU,cross_border_data,tier1_legal,"Authorization passports across the single market; personal data is governed by the GDPR, which is a data-protection regime rather than a localization barrier to supervisory information-sharing.","MiCA, Regulation (EU) 2023/1114; GDPR (Regulation (EU) 2016/679)",,Passporting; data protection and cross-border supervisory cooperation,unavailable,source_unavailable,,,unknown,,,,unreviewed,not_started,,firm_summary,in_force_enacted,operative,,,,high,False
eu-emt-disclosure_reporting-001,EU,disclosure_reporting,tier1_legal,"Issuers publish a crypto-asset white paper and are subject to ongoing disclosure; issuers of significant EMTs report to and are supervised by the EBA, with ESMA coordination.","MiCA, Regulation (EU) 2023/1114",,White-paper and ongoing disclosure; significant-EMT supervision and reporting,unavailable,source_unavailable,,,unknown,,,,unreviewed,not_started,,firm_summary,in_force_enacted,operative,,,,high,False
eu-emt-issuer_pathway-001,EU,issuer_pathway,tier1_legal,Issuance of an e-money token is restricted to entities authorized as credit institutions or electronic money institutions; no other entity may issue. An authorizable private token exists.,"Markets in Crypto-Assets Regulation (MiCA), Regulation (EU) 2023/1114",,Title IV — EMT issuance restricted to authorized credit institutions or e-money institutions,unavailable,source_unavailable,,,unknown,,,,unreviewed,not_started,,firm_summary,in_force_enacted,operative,,,,high,False
eu-emt-monetary_sovereignty-001,EU,monetary_sovereignty,tier1_legal,"For a non-EU-currency EMT, MiCA caps usage as a means of exchange at EUR 200 million per day or 1 million transactions per day (the Article 23 thresholds, applied to significant EMTs via Article 58(3)), measured on a quarterly-average basis. The cap applies only to use as a means of exchange within a single currency area, not to store-of-value use or to trading on crypto-asset venues. A separate reporting obligation triggers at EUR 100 million in issuance value globally. This is the canonical quantitative monetary-sovereignty cap and the clearest instance of Constraint 7.","Regulation (EU) 2023/1114 (MiCA), Art. 58(3) (applying the Art. 23 means-of-exchange thresholds to non-EU-currency EMTs)",https://eur-lex.europa.eu/eli/reg/2023/1114/oj/eng,Art. 58(3) (applying Art. 23 mutatis mutandis to non-EU-currency EMTs),official,checked,2026-06-27,2026-07-27,stale,24,external review (web retrieval against official sources),,primary_reviewed_second_pending,not_started,,resolution_text,in_force_enacted,operative,,,,low,False
eu-emt-permitted_activity_yield-001,EU,permitted_activity_yield,tier1_legal,"MiCA Article 50 imposes a yield ban on EMT holders: holders may not receive interest. The prohibition attaches to the holding of the token, paralleling the US GENIUS §4(a)(11) structure but expressed as a flat ban rather than a 'solely'-qualified one.","Regulation (EU) 2023/1114 (MiCA), Article 50",https://eur-lex.europa.eu/eli/reg/2023/1114/oj/eng,Art. 50 (no interest paid to EMT holders),official,checked,2026-06-27,2026-07-27,stale,24,external review (web retrieval against official sources),,primary_reviewed_second_pending,not_started,,resolution_text,in_force_enacted,operative,,,,low,False
eu-emt-regulatory_authority-001,EU,regulatory_authority,tier1_legal,"The Markets in Crypto-Assets Regulation (MiCA, Reg. (EU) 2023/1114) governs EMTs and ARTs, supervised by the EBA (significant tokens), ESMA, and national competent authorities. MiCA's Article 143(3) transitional grandfathering closes on a staggered national schedule capped at 1 July 2026, the outer limit (the longest window any Member State could grant; ESMA has confirmed no extension). Most Member States set shorter windows and closed earlier, so the deadline binding a given corridor is the earliest among the Member States it touches, not the 1 July 2026 cap. A PSD2/MiCAR interplay question is addressed by the EBA No-Action Letter (10 June 2025).",Regulation (EU) 2023/1114 (MiCA),https://eur-lex.europa.eu/eli/reg/2023/1114/oj/eng,Titles III/IV; EBA/ESMA/NCA supervisory architecture,official,checked,2026-06-27,2026-07-27,stale,24,external review (web retrieval against official sources),,primary_reviewed_second_pending,not_started,,resolution_text,in_force_enacted,operative,,,eu-mica-art143-transitional-expiry,low,False
eu-emt-reserve_backing-001,EU,reserve_backing,tier1_legal,MiCA requires EMT reserves to hold at least 60% in bank deposits; ART reserves at least 30% in bank deposits. (Distinct from the US/HK same-currency short-dated-sovereign model.),"Regulation (EU) 2023/1114 (MiCA), reserve composition provisions",https://eur-lex.europa.eu/eli/reg/2023/1114/oj/eng,reserve composition set in MiCA + Level-2 RTS; deposit-% pinpoint pending RTS line-read,official,checked,2026-06-27,2026-07-27,stale,24,external review (web retrieval against official sources),,primary_reviewed_second_pending,not_started,,firm_summary,in_force_enacted,operative,,,,high,False
eu-emt-securities_classification-001,EU,securities_classification,tier1_legal,E-money tokens and asset-referenced tokens are crypto-assets governed by MiCA and are carved out of the MiFID II financial-instrument (securities) perimeter; they are not treated as transferable securities.,"MiCA, Regulation (EU) 2023/1114; MiFID II (Directive 2014/65/EU)",,Scope — EMT/ART as crypto-assets outside the MiFID II financial-instrument definition,unavailable,source_unavailable,,,unknown,,,,unreviewed,not_started,,firm_summary,in_force_enacted,operative,,,,high,False
hk-frs-aml_kyc-001,HK,aml_kyc,tier1_legal,"The HKMA AML/CFT Guideline for licensed stablecoin issuers applies: standard FATF KYC, transaction monitoring, and suspicious-transaction reporting, plus distribution-channel KYC obligations executed via licensed VATPs and SFC Type 1 corporations.",HKMA AML/CFT Guideline for licensed stablecoin issuers (under Cap. 656),https://www.elegislation.gov.hk/hk/cap656,AMLO + Ordinance AML obligations on licensees,official,not_checked,,,unknown,,,,unreviewed,not_started,,firm_summary,in_force_enacted,operative,2025-08-01,,,high,False
hk-frs-bank_nonbank_routing-001,HK,bank_nonbank_routing,tier1_legal,Issuance requires an HKMA licence open to bank and non-bank applicants; it is a licensing regime rather than a bank-only monopoly.,Stablecoins Ordinance (Cap. 656),,Licensing of issuers (bank and non-bank); not bank-only,unavailable,source_unavailable,,,unknown,,,,unreviewed,not_started,,firm_summary,in_force_enacted,operative,,,,high,False
hk-frs-capital_requirements-001,HK,capital_requirements,tier1_legal,"HK$25 million minimum paid-up share capital (or currency equivalent), with HKMA empowered to require more based on business plan; HK$3 million minimum liquid capital; and excess liquid capital equivalent to at least 12 months of operating expenses. The HK$25m threshold, combined with the HK-incorporation-or-authorised-institution requirement, effectively limits applicants to banks and JV-backed large corporates.","Stablecoins Ordinance (Cap. 656), capital requirements",https://www.elegislation.gov.hk/hk/cap656,HK$25m paid-up capital (statutory),official,checked,2026-06-27,2026-07-27,stale,24,external review (web retrieval against official sources),,primary_reviewed_second_pending,not_started,,resolution_text,in_force_enacted,operative,2025-08-01,,,low,False
hk-frs-cross_border_data-001,HK,cross_border_data,tier1_legal,Personal data is governed by the Personal Data (Privacy) Ordinance (PDPO). Cross-border data transfer governance under PDPO Section 33 remains pending final commencement. HKMA Supervisory Policy Manual provisions on outsourcing and data hosting apply.,"Personal Data (Privacy) Ordinance (PDPO); s.33 (cross-border transfer, not yet commenced)",https://www.elegislation.gov.hk/hk/cap656,PDPO (Cap. 486) data obligations; HKMA outsourcing/data guidance,official,not_checked,,,unknown,,,,unreviewed,not_started,,firm_summary,in_force_enacted,operative,,,,high,False
hk-frs-disclosure_reporting-001,HK,disclosure_reporting,tier1_legal,"Licensed issuers must meet disclosure, reserve-attestation and reporting requirements under HKMA supervision, with supervisory coordination available.",Stablecoins Ordinance (Cap. 656),,"Disclosure, reserve attestation and supervisory reporting",unavailable,source_unavailable,,,unknown,,,,unreviewed,not_started,,firm_summary,in_force_enacted,operative,,,,high,False
hk-frs-distribution-001,HK,distribution,tier1_legal,"Permitted offerors of FRS in Hong Kong are HKMA-licensed FRS issuers, SFC-licensed VATPs, SFC-licensed Type 1 corporations, and Authorised Institutions. Foreign-based issuers of non-HKD-linked FRS may offer to professional investors only. Unlicensed activity carries HK$5 million fine + 7 years' imprisonment + HK$100,000 per day of continuing offence. Pre-existing-issuer transitional treatment required applications by 31 Oct 2025; the closing-down period began 1 Nov 2025 for non-applicants. The April 2026 cohort contrasts distribution models: HSBC plans direct retail integration via PayMe (3.3m users) and its mobile app from H2 2026; Anchorpoint plans a phased Q2 2026 B2B2C rollout of HKDAP via authorised partners.","Stablecoins Ordinance (Cap. 656), offering / distribution restrictions and offence provisions",https://www.elegislation.gov.hk/hk/cap656,permitted-offeror closed loop; HK$5m / 7-year offence,official,checked,2026-06-27,2026-07-27,stale,24,external review (web retrieval against official sources),,primary_reviewed_second_pending,not_started,,resolution_text,in_force_enacted,operative,2025-08-01,,,low,False
hk-frs-implementation_status-001,HK,implementation_status,tier2_operational,"Live regime. Key milestones: HKMA discussion paper (Jan 2022); FSTB/HKMA consultation (Dec 2023); conclusions + sandbox (Jul 2024); Ordinance and guidelines effective (1 Aug 2025); Ant/JD applications suspended (18-20 Oct 2025); pre-existing-issuer application deadline (31 Oct 2025); closing-down period begins (1 Nov 2025); transitional operating window ends (31 Jan 2026); first two licences granted (10 Apr 2026, HSBC = FRS02, Anchorpoint = FRS01). Expected: Anchorpoint HKDAP B2B2C launch (Q2 2026); HSBC retail launch via PayMe (H2 2026); HKMA second-cohort licences (Q3 2026).",Stablecoins Ordinance (Cap. 656) commencement + HKMA licensing actions,,Timeline Jan 2022 -> Q3 2026; first cohort 10 Apr 2026,unavailable,source_unavailable,,,unknown,,,,unreviewed,not_started,,unverified,in_force_enacted,operative,2025-08-01,,,high,False
hk-frs-issuer_pathway-001,HK,issuer_pathway,tier1_legal,"A licence is required for (1) FRS issuers in Hong Kong, (2) issuers outside HK of stablecoins referencing the HK dollar, and (3) entities actively marketing FRS to the HK public. Eligible applicants are companies incorporated in HK under the Companies Ordinance, or authorised institutions (banks / restricted-licence / deposit-taking companies under the Banking Ordinance). Shell entities or mere pre-1-Aug-2025 establishment do not qualify for transitional treatment. The first-licence cohort (10 Apr 2026) was HSBC and Anchorpoint Financial Limited (a Standard Chartered (HK)–HKT–Animoca JV intending HKDAP on a B2B2C model); no PRC-connected entities were licensed.","Stablecoins Ordinance (Cap. 656), licensing provisions",https://www.elegislation.gov.hk/hk/cap656,licensable regulated activities; s.8(1) licensing offence,official,checked,2026-06-27,2026-07-27,stale,24,external review (web retrieval against official sources),,primary_reviewed_second_pending,not_started,,resolution_text,in_force_enacted,operative,2025-08-01,,,low,False
hk-frs-monetary_sovereignty-001,HK,monetary_sovereignty,tier1_legal,"Hong Kong does not impose a quantitative non-domestic-currency usage cap of the MiCA Article 23 type, but it draws a sovereignty-adjacent line through distribution: foreign-based issuers of non-HKD-linked FRS may offer to professional investors only, while HKD-referencing stablecoins (including those issued offshore) are pulled fully inside the licensing perimeter. The effect is to privilege the domestic-currency instrument for retail use without a numeric ceiling.",Stablecoins Ordinance (Cap. 656) — HKD-referencing perimeter + non-HKD FRS professional-investor restriction,https://www.elegislation.gov.hk/hk/cap656,offshore HKD-referencing issuance is licensable; non-HKD FRS offering limited,official,checked,2026-06-27,2026-07-27,stale,24,external review (web retrieval against official sources),,primary_reviewed_second_pending,not_started,,resolution_text,in_force_enacted,operative,2025-08-01,,,low,False
hk-frs-permitted_activity_yield-001,HK,permitted_activity_yield,tier1_legal,The Stablecoins Ordinance Schedule 2 Section 15 (Non-interest bearing) provides that the licensee must not pay any interest on issued stablecoins. Direct payments from issuer to holder are reached by the prohibition.,"Stablecoins Ordinance (Cap. 656), Schedule 2, s.15 (Non-interest bearing)",https://www.elegislation.gov.hk/hk/cap656,Sch. 2 s.15 (no interest on issued stablecoins),official,checked,2026-06-27,2026-07-27,stale,24,external review (web retrieval against official sources),,primary_reviewed_second_pending,not_started,,resolution_text,in_force_enacted,operative,2025-08-01,,,low,False
hk-frs-redemption-001,HK,redemption,tier1_legal,Redemption at par value within 1 business day of a valid request. Redemption obligations are a continuing licence condition.,"Stablecoins Ordinance (Cap. 656), redemption requirements",https://www.elegislation.gov.hk/hk/cap656,par redemption within 1 business day,official,checked,2026-06-27,2026-07-27,stale,24,external review (web retrieval against official sources),,primary_reviewed_second_pending,not_started,,resolution_text,in_force_enacted,operative,2025-08-01,,,low,False
hk-frs-regulatory_authority-001,HK,regulatory_authority,tier1_legal,"The Stablecoins Ordinance (Cap. 656), effective 1 August 2025, establishes the HKMA as primary regulator for FRS issuers, supported by HKMA Explanatory Notes (Licensing; Transitional Provisions), the Guideline on Supervision of Licensed Stablecoin Issuers, and the AML/CFT Guideline. The SFC regulates virtual asset trading platforms (VATPs) and Type 1 corporations authorised to offer stablecoins.","Stablecoins Ordinance (Cap. 656), in force 1 Aug 2025",https://www.elegislation.gov.hk/hk/cap656,HKMA as the licensing/supervisory authority,official,checked,2026-06-27,2026-07-27,stale,24,external review (web retrieval against official sources),,primary_reviewed_second_pending,not_started,,resolution_text,in_force_enacted,operative,2025-08-01,,,low,False
hk-frs-reserve_backing-001,HK,reserve_backing,tier1_legal,"100% backing at all times; the market value of reserve assets must equal or exceed the par value of circulating stablecoins, with HKMA expecting overcollateralisation. Acceptable assets: cash, bank deposits (term <= 3 months), government and central-bank securities (residual maturity <= 1 year), and tokenised forms of the foregoing. Reserves must be strictly segregated from the issuer's other assets and protected against creditor claims via statutory trust.","Stablecoins Ordinance (Cap. 656), reserve / backing requirements",https://www.elegislation.gov.hk/hk/cap656,100% backing; same-currency reserve with HKD/USD exception; segregation/trust,official,checked,2026-06-27,2026-07-27,stale,24,external review (web retrieval against official sources),,primary_reviewed_second_pending,not_started,,resolution_text,in_force_enacted,operative,2025-08-01,,,low,False
hk-frs-securities_classification-001,HK,securities_classification,tier1_legal,Specified (fiat-referenced) stablecoins are regulated by the HKMA under the Stablecoins Ordinance and are not treated as securities or futures under the SFO.,Stablecoins Ordinance (Cap. 656); Securities and Futures Ordinance (Cap. 571),,HKMA stablecoin perimeter vs. the SFO securities/futures definitions,unavailable,source_unavailable,,,unknown,,,,unreviewed,not_started,,firm_summary,in_force_enacted,operative,,,,high,False
jp-epi-aml_kyc-001,JP,aml_kyc,tier1_legal,"The FATF Travel Rule is operative (2022 amendment). Intermediaries hold a large share of customer crypto-assets in cold storage, segregate user funds via trust, and enter liability-sharing agreements with issuers.",Payment Services Act (2022 amendment); FSA AML framework,https://laws.e-gov.go.jp/,AML — FATF travel rule operative; intermediary cold storage / trust segregation / liability-sharing,official,not_checked,,,unknown,,,,unreviewed,not_started,,resolution_text,in_force_enacted,operative,2023-06-01,,,low,False
jp-epi-bank_nonbank_routing-001,JP,bank_nonbank_routing,tier1_legal,"Issuance runs through a closed trichotomy — banks, funds-transfer service providers, and trust companies — with distribution by registered EPI service providers, so roles are separated by licensed function.",Payment Services Act (Electronic Payment Instruments regime),,Closed issuer trichotomy; distribution via registered EPIESP,unavailable,source_unavailable,,,unknown,,,,unreviewed,not_started,,firm_summary,in_force_enacted,operative,,,,high,False
jp-epi-capital_requirements-001,JP,capital_requirements,tier1_legal,"Capital requirements are set by entity type under the Payment Services Act and the FSA framework (banking, funds-transfer, or trust licensing); there is no separate aggregate stablecoin capital cap.",Payment Services Act; FSA framework (by entity type),https://laws.e-gov.go.jp/,Capital — by entity type (banking / funds-transfer / trust); no separate aggregate cap,official,not_checked,,,unknown,,,,unreviewed,not_started,,mixed,in_force_enacted,operative,2023-06-01,,,medium,False
jp-epi-cross_border_data-001,JP,cross_border_data,tier1_legal,The Act on the Protection of Personal Information (APPI) governs personal data and cross-border handling.,Act on the Protection of Personal Information (APPI),,Cross-border data — APPI governs personal data and cross-border handling,unavailable,source_unavailable,,,unknown,,,,unreviewed,not_started,,firm_summary,in_force_enacted,operative,,,,high,False
jp-epi-disclosure_reporting-001,JP,disclosure_reporting,tier1_legal,"EPI service providers register with the FSA and are subject to disclosure and reporting obligations, with supervisory coordination available.",Payment Services Act (Electronic Payment Instruments regime),,EPIESP registration; disclosure and supervisory reporting,unavailable,source_unavailable,,,unknown,,,,unreviewed,not_started,,firm_summary,in_force_enacted,operative,,,,high,False
jp-epi-distribution-001,JP,distribution,tier1_legal,"Foreign-issued stablecoins may be handled by a registered EPIESP if it sets aside reserves in Japan equal to customers' holdings and the foreign issuer does not itself issue, redeem, or solicit to Japanese users. Intermediation and distribution therefore run through the registered EPIESP channel rather than the foreign issuer directly.",Payment Services Act (Electronic Payment Instruments regime),https://laws.e-gov.go.jp/,Distribution — foreign tokens handled via a registered EPIESP holding JP reserves equal to customer holdings; foreign issuer may not issue/redeem/solicit to JP users,official,not_checked,,,unknown,,,,unreviewed,not_started,,resolution_text,in_force_enacted,operative,2023-06-01,,,low,False
jp-epi-implementation_status-001,JP,implementation_status,tier2_operational,"Live regime. Milestones: Electronic Payment Instruments regime in force (1 June 2023); USDC admitted via the intermediary channel (March 2025); Act No. 66 of 2025 enacted, relaxing trust-type reserves (June 2025); JPYC Inc. registered as a Type II funds-transfer provider (18 August 2025); JPYC, the first registered yen stablecoin, launched (27 October 2025); a megabank trust-structured stablecoin (MUFG, Mizuho, SMBC via Progmat and Project Pax) targeted by the end of FY2026 (31 March 2027).",Payment Services Act commencement + FSA registrations (JPYC; USDC via SBI VC Trade),https://laws.e-gov.go.jp/,Timeline — EPI 1 Jun 2023; USDC Mar 2025; Act 66/2025 Jun 2025; JPYC 27 Oct 2025; megabank trust token by FY2026,official,not_checked,,,unknown,,,,unreviewed,not_started,,resolution_text,in_force_enacted,operative,2023-06-01,,,low,False
jp-epi-issuer_pathway-001,JP,issuer_pathway,tier1_legal,"A closed trichotomy: only (a) banks (deposit-type), (b) registered funds-transfer service providers, and (c) trust companies or trust banks (trust-type) may issue Electronic Payment Instruments. Distribution and intermediation require registration as an Electronic Payment Instruments Exchange Service Provider (EPIESP). The issuer trichotomy is the binding eligibility constraint and the structural hallmark of the regime.",Payment Services Act (Electronic Payment Instruments regime),https://laws.e-gov.go.jp/,Issuer pathway — closed trichotomy (bank / funds-transfer / trust); intermediation via registered EPIESP,official,not_checked,,,unknown,,,,unreviewed,not_started,,resolution_text,in_force_enacted,operative,2023-06-01,,jp-foreign-stablecoin-recognition,low,False
jp-epi-monetary_sovereignty-001,JP,monetary_sovereignty,tier1_legal,"There is no aggregate cap. Japan does not prohibit foreign-currency tokens; it admits them through a registered Electronic Payment Instruments Exchange Service Provider (EPIESP) that holds reserves in Japan equal to customers' holdings, provided the foreign issuer does not itself issue, redeem, or solicit to Japanese users. This is an open-but-channelled monetary-sovereignty posture: the currency-of-denomination is not capped, but inbound foreign tokens are routed through a registered domestic intermediary holding local reserves.",Payment Services Act (Electronic Payment Instruments regime),https://laws.e-gov.go.jp/,Monetary sovereignty — no cap; foreign tokens admitted via registered EPIESP holding JP reserves,official,checked,2026-06-27,2026-07-27,stale,24,maintainer,,primary_reviewed_second_pending,not_started,,resolution_text,in_force_enacted,operative,2023-06-01,,jp-foreign-stablecoin-recognition,low,False
jp-epi-permitted_activity_yield-001,JP,permitted_activity_yield,tier1_legal,"Holders are not remunerated: Electronic Payment Instruments are payment instruments, and issuer economics come from reserve interest. Whether an intermediary-layer (EPIESP) lending service over an admitted foreign token is issuer-paid yield or a separate intermediary product is an open C3xC5 boundary question at the intermediary level, not a feature of the issuer-layer rule.",Payment Services Act (Electronic Payment Instruments regime),https://laws.e-gov.go.jp/,Yield — holders not remunerated; issuer earns reserve interest,official,not_checked,,,unknown,,,,unreviewed,not_started,,resolution_text,in_force_enacted,operative,2023-06-01,,,low,False
jp-epi-redemption-001,JP,redemption,tier1_legal,"Redemption is at par on demand. Funds-transfer-type tokens are subject to a 1,000,000 yen per-transfer cap.",Payment Services Act (Electronic Payment Instruments regime),https://laws.e-gov.go.jp/,"Redemption — at par on demand; funds-transfer-type JPY 1,000,000 per-transfer cap",official,not_checked,,,unknown,,,,unreviewed,not_started,,resolution_text,in_force_enacted,operative,2023-06-01,,,low,False
jp-epi-regulatory_authority-001,JP,regulatory_authority,tier1_legal,"Fiat-referenced, par-redeemable stablecoins are Electronic Payment Instruments under the Payment Services Act. The 2022 amendment took effect 1 June 2023 and created the category; Act No. 66 of 2025 (in force June 2025, with implementing cabinet orders to follow) relaxed the trust-type backing rule. The FSA is the single supervisor of issuers and intermediaries; Local Finance Bureaus administer funds-transfer and intermediary registrations under FSA delegation.","Payment Services Act (Electronic Payment Instruments regime, in force 1 Jun 2023) as amended by Act No. 66 of 2025",https://laws.e-gov.go.jp/,Regulators — FSA single supervisor; Local Finance Bureaus by delegation,official,not_checked,,,unknown,,,,unreviewed,not_started,,resolution_text,in_force_enacted,operative,2023-06-01,,,low,False
jp-epi-reserve_backing-001,JP,reserve_backing,tier1_legal,"Full backing is the baseline; funds-transfer and bank types hold liquid backing. For the trust-type, Act No. 66 of 2025 permits up to fifty percent of issuance value to be held in low-risk short-term assets (Japanese or US government bonds with no more than three months remaining maturity, or terminable time deposits). The bond-eligibility detail was the subject of an FSA consultation that ran until 27 February 2026; final standards were pending at that date.",Payment Services Act; Act No. 66 of 2025 (trust-type backing relaxation),https://laws.e-gov.go.jp/,Reserve/backing — full backing baseline; trust-type up to 50% short-term low-risk assets (Act 66/2025),official,not_checked,,,unknown,,,,unreviewed,not_started,,mixed,in_force_enacted,operative,2025-06-01,,jp-act66-2025-full-enforcement,medium,False
jp-epi-securities_classification-001,JP,securities_classification,tier1_legal,Electronic payment instruments (the stablecoin category) are regulated under the Payment Services Act and are distinct from securities regulated under the Financial Instruments and Exchange Act.,Payment Services Act (Electronic Payment Instruments regime); Financial Instruments and Exchange Act,,EPI perimeter under the PSA vs. the FIEA securities perimeter,unavailable,source_unavailable,,,unknown,,,,unreviewed,not_started,,firm_summary,in_force_enacted,operative,,,,high,False
kr-frs-aml_kyc-001,KR,aml_kyc,tier1_legal,IN FORCE: anti-money-laundering and Travel Rule obligations apply through the specified financial transaction information framework. Entities converting stablecoins to fiat for third parties are treated as virtual-asset service providers requiring FSC registration.,Act on Reporting and Use of Specific Financial Transaction Information; Virtual Asset User Protection Act,https://www.law.go.kr/LSW/lsInfoP.do?lsiSeq=261099,AML — Travel Rule + VASP registration for stablecoin-to-fiat conversion for third parties,official,not_checked,,,unknown,,,,unreviewed,not_started,,resolution_text,in_force_enacted,operative,,,,low,False
kr-frs-bank_nonbank_routing-001,KR,bank_nonbank_routing,tier1_legal,"With the issuer regime in bill form, the bank/non-bank routing architecture for compliant issuance is not yet established.",Draft Digital Asset Basic Act,,Issuance/routing architecture — pending enactment,unavailable,source_unavailable,,,unknown,,,,unreviewed,not_started,,unverified,pending_proposal,proposed,,,,high,False
kr-frs-capital_requirements-001,KR,capital_requirements,tier1_legal,DRAFT: minimum equity capital to be set by the enacted statute; reported figures range across drafts and are provisional (a press-versus-draft discrepancy). No stablecoin capital regime is in force.,Draft Digital Asset Basic Act,https://opinion.lawmaking.go.kr/gcom/nsmLmSts/out/2210736/detailRP,Capital (draft) — minimum equity to be set on enactment; figures provisional; NOT in force,official,not_checked,,,unknown,,,,unreviewed,not_started,,firm_summary,pending_proposal,proposed,,,,high,False
kr-frs-cross_border_data-001,KR,cross_border_data,tier1_legal,"The Personal Information Protection Act (PIPA) governs data, including localisation.",Personal Information Protection Act (PIPA),,Cross-border data — PIPA governs data including localisation,unavailable,source_unavailable,,,unknown,,,,unreviewed,not_started,,firm_summary,in_force_enacted,operative,,,,high,False
kr-frs-disclosure_reporting-001,KR,disclosure_reporting,tier1_legal,Disclosure and supervisory-coordination obligations for issuers await the enacted DABA.,Draft Digital Asset Basic Act,,Disclosure/supervision — pending enactment,unavailable,source_unavailable,,,unknown,,,,unreviewed,not_started,,unverified,pending_proposal,proposed,,,,high,False
kr-frs-distribution-001,KR,distribution,tier1_legal,"No stablecoin-specific distribution regime is in force. DRAFT: foreign issuers would establish a local branch or subsidiary and obtain an FSC licence for payment, redemption, or remittance services, with brokered trading permitted on domestic exchanges. Cross-border stablecoins would be classified as a foreign-exchange means of payment under the Foreign Exchange Transactions Act.",Draft Digital Asset Basic Act; Foreign Exchange Transactions Act,https://opinion.lawmaking.go.kr/gcom/nsmLmSts/out/2210736/detailRP,Distribution (draft) — foreign issuers local branch/subsidiary + FSC licence; brokered exchange trading; NOT in force,official,not_checked,,,unknown,,,,unreviewed,not_started,,firm_summary,pending_proposal,proposed,,,,high,False
kr-frs-implementation_status-001,KR,implementation_status,tier2_operational,"Phase-1 in force, Phase-2 pending. Milestones: Virtual Asset User Protection Act in force (19 Jul 2024); a Digital Asset Basic Act plus three stablecoin-specific bills before the National Assembly Political Affairs Committee (정무위) — as of late Apr 2026 they remained in the subcommittee (소위), with a full-committee session around mid-May 2026; a second-half-2026 passage goal described as uncertain, delayed by the won-stablecoin issuer-eligibility (51%) dispute (the Bank of Korea favouring a bank-majority consortium) and the June 2026 local elections / committee reconstitution.",Virtual Asset User Protection Act (in force 19 Jul 2024); draft Digital Asset Basic Act,https://www.law.go.kr/LSW/lsInfoP.do?lsiSeq=261099,"Timeline — VAUPA in force 19 Jul 2024; DABA pending (off subcommittee 12 May 2026; H2 2026 goal, uncertain)",official,not_checked,,,unknown,,,,unreviewed,not_started,,mixed,in_force_enacted,operative,2024-07-19,,,medium,False
kr-frs-issuer_pathway-001,KR,issuer_pathway,tier1_legal,"No stablecoin issuer is licensed; domestic won-stablecoin issuance is effectively prohibited under current law. Future eligibility is contested: the BOK seeks bank-led consortia holding at least fifty-one percent; the FSC favours a more fintech-inclusive model. These are draft provisions, not operative law, and reported minimum-capital figures diverge across drafts (a press-versus-draft discrepancy) and should be treated as provisional.",Virtual Asset User Protection Act (current law); draft Digital Asset Basic Act,https://opinion.lawmaking.go.kr/gcom/nsmLmSts/out/2210736/detailRP,Issuer pathway — won-issuance effectively prohibited; future eligibility contested (BOK vs FSC); NOT in force,official,not_checked,,,unknown,,,,unreviewed,not_started,,firm_summary,pending_proposal,proposed,,,kr-daba-enacted,high,False
kr-frs-monetary_sovereignty-001,KR,monetary_sovereignty,tier1_legal,"No stablecoin-specific monetary-sovereignty regime is in force. DRAFT: cross-border won stablecoins would be classified as a foreign-exchange means of payment under the Foreign Exchange Transactions Act, engaging the capital-flow management regime. Won FX stability is the backdrop and the monetary-sovereignty contest (the central-bank-approval question) is the defining open issue and the principal item stalling the bill.",Draft Digital Asset Basic Act; Foreign Exchange Transactions Act,https://opinion.lawmaking.go.kr/gcom/nsmLmSts/out/2210736/detailRP,Monetary sovereignty (draft) — cross-border won stablecoins as FX means of payment; NOT in force,official,not_checked,,,unknown,,,,unreviewed,not_started,,firm_summary,pending_proposal,proposed,,,,high,False
kr-frs-permitted_activity_yield-001,KR,permitted_activity_yield,tier1_legal,"DRAFT (Value-Stabilised Assets Act track): prohibition on interest or discounts to holders. No yield regime is in force. The draft yield prohibition would align Korea with the United States, the European Union, and Japan, but it is not operative until enactment.",Draft Digital Asset Basic Act (Value-Stabilised Assets Act track),https://opinion.lawmaking.go.kr/gcom/nsmLmSts/out/2210736/detailRP,Yield (draft) — prohibition on interest/discounts to holders; NOT in force,official,not_checked,,,unknown,,,,unreviewed,not_started,,firm_summary,pending_proposal,proposed,,,,high,False
kr-frs-redemption-001,KR,redemption,tier1_legal,DRAFT: par issuance and redemption. No redemption regime is in force. Draft provisions only.,Draft Digital Asset Basic Act,https://opinion.lawmaking.go.kr/gcom/nsmLmSts/out/2210736/detailRP,Redemption (draft) — par issuance and redemption; NOT in force,official,not_checked,,,unknown,,,,unreviewed,not_started,,firm_summary,pending_proposal,proposed,,,,high,False
kr-frs-regulatory_authority-001,KR,regulatory_authority,tier1_legal,"Two layers, only one in force. In force: the Virtual Asset User Protection Act (VAUPA), a user-protection and market-abuse regime, not an issuance-licensing framework. Pending: the Digital Asset Basic Act, which would create an issuance regime but remained an un-enacted bill as of late June 2026. Under the leading drafts the FSC would administer the issuance regime; the Bank of Korea (BOK) seeks a binding consultative role on monetary-sovereignty and foreign-exchange-stability grounds.",Virtual Asset User Protection Act (in force 19 Jul 2024); draft Digital Asset Basic Act,https://www.law.go.kr/LSW/lsInfoP.do?lsiSeq=261099,"Regulators — FSC would administer issuance; BOK consultative; VAUPA in force, DABA pending",official,not_checked,,,unknown,,,,unreviewed,not_started,,mixed,in_force_enacted,operative,2024-07-19,,,medium,False
kr-frs-reserve_backing-001,KR,reserve_backing,tier1_legal,"DRAFT: more than one hundred percent reserves in safe assets, bank- or custodian-held, segregated. No reserve regime is in force. Draft provisions only.",Draft Digital Asset Basic Act,https://opinion.lawmaking.go.kr/gcom/nsmLmSts/out/2210736/detailRP,"Reserve/backing (draft) — >100% reserves in safe assets, bank/custodian-held, segregated; NOT in force",official,not_checked,,,unknown,,,,unreviewed,not_started,,firm_summary,pending_proposal,proposed,,,,high,False
kr-frs-securities_classification-001,KR,securities_classification,tier1_legal,"Under the draft Digital Asset Basic Act, the securities characterization of won-referenced stablecoins is not yet fixed; there is no operative stablecoin securities pathway today.",Draft Digital Asset Basic Act,,Securities characterization — pending the enacted DABA,unavailable,source_unavailable,,,unknown,,,,unreviewed,not_started,,unverified,pending_proposal,proposed,,,,high,False
sg-scs-aml_kyc-001,SG,aml_kyc,tier1_legal,"AML/CFT obligations apply under MAS Notice PSN02 (payment services) and Notice PSN03 (digital payment tokens), including the FATF travel rule for digital-payment-token transfers, FATF-aligned KYC, transaction monitoring, and suspicious-transaction reporting.",MAS Notice PSN02; MAS Notice PSN03,,"PS Act 2019 DPT licensing; MAS Notices PSN02/PSN03 (AML/CFT, travel rule)",unavailable,source_unavailable,,,unknown,,external review (web retrieval against official sources),,primary_reviewed_second_pending,not_started,,firm_summary,in_force_enacted,operative,,,,high,False
sg-scs-bank_nonbank_routing-001,SG,bank_nonbank_routing,tier1_legal,MAS-regulated single-currency stablecoins are issued by banks or by major payment institutions under the Payment Services Act; reserve assets are held in segregation for the benefit of holders.,MAS Stablecoin Regulatory Framework; Payment Services Act 2019,,Eligible issuers (banks / major payment institutions); reserve segregation,unavailable,source_unavailable,,,unknown,,,,unreviewed,not_started,,firm_summary,in_force_enacted,operative,,,,high,False
sg-scs-capital_requirements-001,SG,capital_requirements,tier1_legal,"An SCS issuer must hold base capital of at least S$1 million or 50% of annual operating expenses, whichever is higher, plus liquid assets sufficient for an orderly wind-down. DTSP licensees (where granted) face a separate S$250,000 base-capital requirement, a S$10,000 annual licence fee, a Singapore-based compliance officer, and annual penetration testing.",MAS Single-Currency Stablecoin Regulatory Framework (15 Aug 2023); FSMA Part 9 (DTSP),https://www.mas.gov.sg/news/media-releases/2023/mas-finalises-stablecoin-regulatory-framework,SCS framework: base capital and liquid-asset requirements,official,checked,2026-06-27,2026-07-11,stale,40,external review (web retrieval against official sources),,primary_reviewed_second_pending,not_started,,firm_summary,finalized_policy_pending,finalized_policy_pending,2023-08-15,,sg-scs-legislation-enacted,high,False
sg-scs-cross_border_data-001,SG,cross_border_data,tier1_legal,"Cross-border personal-data transfer is governed by the Personal Data Protection Act 2012 (PDPA), which requires reasonable safeguards — consent, contract, certification, or transfer to a jurisdiction with comparable protection. MAS Outsourcing Guidelines and Technology Risk Management Guidelines apply to data hosting.",Personal Data Protection Act 2012 (PDPA); MAS Outsourcing and Technology Risk Management Guidelines,,PDPA cross-border transfer safeguards; MAS data-hosting guidelines,unavailable,source_unavailable,,,unknown,,,,unreviewed,not_started,,unverified,in_force_enacted,operative,,,,high,False
sg-scs-distribution-001,SG,distribution,tier1_legal,"The 'MAS-regulated stablecoin' label is restricted to SCS-framework-compliant issuers; misrepresenting a token as MAS-regulated carries financial penalties or imprisonment and placement on the MAS Investor Alert List. Retail consumer protections prohibit high-risk activities such as lending or staking using stablecoins, and foreign-issued stablecoins remain DPTs under the general regime.",Payment Services Act 2019 / MAS Single-Currency Stablecoin Regulatory Framework,https://www.mas.gov.sg/news/media-releases/2023/mas-finalises-stablecoin-regulatory-framework,SCS framework: label/disclosure on distribution,official,checked,2026-06-27,2026-07-11,stale,40,external review (web retrieval against official sources),,primary_reviewed_second_pending,not_started,,firm_summary,finalized_policy_pending,finalized_policy_pending,,,sg-scs-legislation-enacted,high,False
sg-scs-implementation_status-001,SG,implementation_status,tier2_operational,The Payment Services Act came into force in January 2020; the SCS framework was finalised on 15 August 2023; the FSMA Part 9 DTSP regime took effect 30 June 2025 with no transitional arrangement; full SCS-framework implementation is targeted for mid-2026.,Payment Services Act 2019; MAS SCS framework; FSMA Part 9,,Implementation timeline — PSA 2020; SCS Aug 2023; DTSP Jun 2025; full SCS mid-2026,unavailable,source_unavailable,,,unknown,,,,unreviewed,not_started,,unverified,finalized_policy_pending,finalized_policy_pending,2023-08-15,,,high,False
sg-scs-issuer_pathway-001,SG,issuer_pathway,tier1_legal,The MAS Single-Currency Stablecoin (SCS) framework applies only to stablecoins pegged to the Singapore Dollar or any G10 currency and issued in Singapore; tokens pegged to other assets or issued offshore stay under the general Digital Payment Token regime and may not use the 'MAS-regulated stablecoin' label. Non-bank SCS issuers with circulation above S$5 million must hold a Major Payment Institution (MPI) licence; those below are exempt from the framework but cannot use the label. Banks are exempt from the PSA licence requirement and may issue under their banking framework. Issuers must be incorporated in Singapore.,"Payment Services Act 2019 (PSA, amended 2022); MAS Single-Currency Stablecoin Regulatory Framework (finalised 15 Aug 2023)",,"SCS framework — peg scope (SGD/G10, Singapore-issued); MPI licence > S$5m; Singapore incorporation",unavailable,source_unavailable,,,unknown,,,,unreviewed,not_started,,unverified,finalized_policy_pending,finalized_policy_pending,2023-08-15,,sg-scs-legislation-enacted,high,False
sg-scs-monetary_sovereignty-001,SG,monetary_sovereignty,tier1_legal,"There is no aggregate usage cap; foreign-currency-pegged tokens simply are not 'MAS-regulated stablecoins' and circulate as ordinary digital payment tokens, leaving market access open at the monetary-sovereignty layer.",MAS Stablecoin Regulatory Framework; Payment Services Act 2019,https://www.mas.gov.sg/news/media-releases/2023/mas-finalises-stablecoin-regulatory-framework,SCS framework: SGD/G10 label scope; foreign-pegged tokens treated as ordinary DPTs,official,checked,2026-06-27,2026-07-11,stale,40,external review (web retrieval against official sources),,primary_reviewed_second_pending,not_started,,firm_summary,finalized_policy_pending,finalized_policy_pending,,,sg-scs-legislation-enacted,high,False
sg-scs-permitted_activity_yield-001,SG,permitted_activity_yield,tier1_legal,"Yield is not directly prohibited, but the MAS-regulated SCS label is restricted to SGD or G10-pegged tokens issued from Singapore-incorporated entities, and SCS issuers are forbidden from engaging in lending or staking. The activity prohibition (no lend/stake) is the operative yield-adjacent constraint rather than a flat interest ban.",MAS Single-Currency Stablecoin framework (Aug 2023) — issuer activity restrictions,https://www.mas.gov.sg/news/media-releases/2023/mas-finalises-stablecoin-regulatory-framework,SCS framework: no lending/staking by SCS issuers; SGD/G10 label scope,official,checked,2026-06-27,2026-07-11,stale,40,external review (web retrieval against official sources),,primary_reviewed_second_pending,not_started,,firm_summary,finalized_policy_pending,finalized_policy_pending,,,sg-scs-legislation-enacted,high,False
sg-scs-redemption-001,SG,redemption,tier1_legal,"SCS holders are entitled to redemption at par value within 5 business days of a valid request, with no unreasonable fees or conditions, and customer assets are held under a statutory trust.",MAS Single-Currency Stablecoin Regulatory Framework (15 Aug 2023),https://www.mas.gov.sg/news/media-releases/2023/mas-finalises-stablecoin-regulatory-framework,SCS framework: redemption at par within 5 business days,official,checked,2026-06-27,2026-07-11,stale,40,external review (web retrieval against official sources),,primary_reviewed_second_pending,not_started,,firm_summary,finalized_policy_pending,finalized_policy_pending,2023-08-15,,sg-scs-legislation-enacted,high,False
sg-scs-regulatory_authority-001,SG,regulatory_authority,tier1_legal,"The MAS Single-Currency Stablecoin (SCS) framework, finalised August 2023, sits alongside the Payment Services Act 2019; a separate Digital Token Service Provider (DTSP) licensing regime operates under FSMA Part 9. MAS is the sole regulator.",MAS Single-Currency Stablecoin framework (Aug 2023); Payment Services Act 2019; FSMA Part 9 (DTSP),,MAS authority under the Payment Services Act 2019,unavailable,source_unavailable,,,unknown,,external review (web retrieval against official sources),,primary_reviewed_second_pending,not_started,,firm_summary,in_force_enacted,operative,,,,high,False
sg-scs-reserve_backing-001,SG,reserve_backing,tier1_legal,"SCS reserves must be 100% backed in cash, cash equivalents, or short-term sovereign debt securities denominated in the pegged currency, valued at daily mark-to-market, segregated from the issuer's own assets, and held with MAS-approved custodians. Reserves are subject to monthly independent attestation and annual external audit, with audit reports publicly disclosed.",MAS Single-Currency Stablecoin Regulatory Framework (15 Aug 2023),https://www.mas.gov.sg/news/media-releases/2023/mas-finalises-stablecoin-regulatory-framework,SCS framework: 100% reserve in low-risk assets,official,checked,2026-06-27,2026-07-11,stale,40,external review (web retrieval against official sources),,primary_reviewed_second_pending,not_started,,firm_summary,finalized_policy_pending,finalized_policy_pending,2023-08-15,,sg-scs-legislation-enacted,high,False
sg-scs-securities_classification-001,SG,securities_classification,tier1_legal,"Token classification follows MAS's substance-over-form test: a token with capital-markets-product characteristics is regulated under the Securities and Futures Act (SFA), not the Payment Services Act, and falls outside the SCS framework entirely. Tokens marketed as offering yield or as investments would likely be classified as securities under the SFA. The destination-product classification analysis governs whether a routing architecture that converts SCS holdings into SFA-regulated capital-markets-product shares is permissible.",Securities and Futures Act (SFA); MAS substance-over-form classification,https://www.mas.gov.sg/news/media-releases/2023/mas-finalises-stablecoin-regulatory-framework,SCS framework: 'MAS-regulated stablecoin' label vs DPT classification,official,checked,2026-06-27,2026-07-11,stale,40,external review (web retrieval against official sources),,primary_reviewed_second_pending,not_started,,firm_summary,finalized_policy_pending,finalized_policy_pending,,,sg-scs-legislation-enacted,high,False
tw-frs-aml_kyc-001,TW,aml_kyc,tier1_legal,"IN FORCE: AML registration under the amended Money Laundering Control Act and the VASP Registration Regulations (since 30 November 2024), requiring virtual-asset service providers to register and comply with AML/CFT obligations; the FATF travel rule applies. This is the only operative layer of the Taiwan regime.",Money Laundering Control Act (as amended) + VASP Registration Regulations (in force 30 Nov 2024),https://law.moj.gov.tw/,Money Laundering Control Act (洗錢防制法) Art. 6 (amended 31 Jul 2024); VASP registration regime in force 30 Nov 2024 (non-registration: up to 2 yr + NT$5m individuals / NT$50m entities); VASPs classified into 5 types,official,checked,2026-06-27,2026-07-27,stale,24,external review (web retrieval against official sources),,primary_reviewed_second_pending,not_started,,resolution_text,in_force_enacted,operative,2024-11-30,,,low,False
tw-frs-bank_nonbank_routing-001,TW,bank_nonbank_routing,tier1_legal,"the Virtual Asset Service Act (enacted at third reading 30 Jun 2026, not commenced) sets the issuer regime; the bank/non-bank routing architecture for compliant issuance is delegated to FSC subsidiary legislation not yet made.","Virtual Asset Service Act (enacted at third reading 30 Jun 2026, not commenced)",,"Issuance/routing architecture: delegated to FSC subsidiary legislation (enacted, not commenced)",unavailable,source_unavailable,,,unknown,,,,unreviewed,not_started,,unverified,made_not_commenced,enacted_not_commenced,,,,high,False
tw-frs-capital_requirements-001,TW,capital_requirements,tier1_legal,"the Virtual Asset Service Act (enacted at third reading 30 Jun 2026, not commenced) delegates capital requirements for stablecoin issuers to the FSC. The specific figures await FSC subsidiary legislation; no stablecoin capital regime is yet operative.","Virtual Asset Service Act (enacted at third reading 30 Jun 2026, not commenced)",https://english.ey.gov.tw/,"Capital: FSC to specify (enacted, not commenced; figures pending FSC subsidiary legislation)",official,not_checked,,,unknown,,,,unreviewed,not_started,,firm_summary,made_not_commenced,enacted_not_commenced,,,,high,False
tw-frs-cross_border_data-001,TW,cross_border_data,tier1_legal,The Personal Data Protection Act (PDPA) applies. Cross-border data transfer is subject to the PDPA and to competent-authority restrictions.,Personal Data Protection Act (PDPA),,Cross-border data — PDPA + competent-authority restrictions,unavailable,source_unavailable,,,unknown,,,,unreviewed,not_started,,firm_summary,in_force_enacted,operative,,,,high,False
tw-frs-disclosure_reporting-001,TW,disclosure_reporting,tier1_legal,"the Virtual Asset Service Act (enacted at third reading 30 Jun 2026, not commenced) sets the framework; disclosure and supervisory-coordination obligations for stablecoin issuers take effect on commencement and their detail awaits FSC subsidiary legislation. Current operative obligations are AML-registration-based.","Virtual Asset Service Act (enacted at third reading 30 Jun 2026, not commenced); AML registration regime",,"Disclosure/supervision: take effect on commencement (enacted, not commenced; detail pending subsidiary legislation)",unavailable,source_unavailable,,,unknown,,,,unreviewed,not_started,,unverified,made_not_commenced,enacted_not_commenced,,,,high,False
tw-frs-distribution-001,TW,distribution,tier1_legal,"No stablecoin-specific distribution regime is yet operative. the Virtual Asset Service Act (enacted at third reading 30 Jun 2026, not commenced) sets the offering provisions, which take effect on commencement; commencement awaits FSC subsidiary legislation. The backdrop is the central bank's control of the NTD and the offshore-NTD posture.","Virtual Asset Service Act (enacted at third reading 30 Jun 2026, not commenced)",https://english.ey.gov.tw/,"Distribution: offering provisions take effect on commencement (enacted, not commenced; pending FSC subsidiary legislation)",official,not_checked,,,unknown,,,,unreviewed,not_started,,firm_summary,made_not_commenced,enacted_not_commenced,,,,high,False
tw-frs-implementation_status-001,TW,implementation_status,tier2_operational,"Two temporal layers coexist. AML registration has operated since 30 November 2024. The Virtual Asset Service Act passed third reading on 30 June 2026 and was promulgated in Presidential Gazette No. 7872 on 22 July 2026. Its licensing and stablecoin provisions await subsidiary legislation and commencement; no licensed stablecoin issuer is evidenced in this snapshot, and the peg-currency policy remains unresolved.","VASP Registration Regulations (30 Nov 2024); Virtual Asset Service Act, Presidential Gazette No. 7872",https://www.president.gov.tw/File/Doc/69812613-22f1-4288-940e-c40903b232e1,"Gazette No. 7872, pp. 2-22; promulgation 22 Jul 2026. Commencement/subordinate-rule mapping pending",official,not_checked,,,unknown,,,,unreviewed,not_started,,mixed,in_force_enacted,operative,2024-11-30,,,medium,False
tw-frs-issuer_pathway-001,TW,issuer_pathway,tier1_legal,"No stablecoin issuer is licensed yet: the licensing regime is enacted but not yet commenced. The Virtual Asset Service Act, passed at third reading on 30 Jun 2026, requires an FSC licence for stablecoin issuance, available to a share company (corporation limited by shares), with banks expected to lead initial issuance. The Act awaits FSC subsidiary legislation (roughly nine subordinate items, indicative timetable around Q1 2027) and has no gazetted commencement date, so these provisions are enacted law not yet in force.","Virtual Asset Service Act, passed at third reading 30 Jun 2026 (committee first review 3 Jun 2026)",https://www.president.gov.tw/File/Doc/69812613-22f1-4288-940e-c40903b232e1,"Issuer pathway: FSC licence; share company; banks lead. Enacted at third reading, not yet commenced (awaiting subsidiary legislation)",official,not_checked,,,unknown,,,,unreviewed,not_started,,firm_summary,made_not_commenced,enacted_not_commenced,,,tw-vas-act-enacted,high,False
tw-frs-monetary_sovereignty-001,TW,monetary_sovereignty,tier1_legal,"the Virtual Asset Service Act (enacted at third reading 30 Jun 2026, not commenced) creates the framework, but no operative monetary-sovereignty cap is yet in force. The backdrop is the central bank's control of the NTD and the offshore-NTD posture; the peg currency for a Taiwan stablecoin (NTD vs USD) is officially undecided and is the defining open question, to be settled through commencement and FSC/CBC subsidiary rules.",Presidential Gazette No. 7872 (Virtual Asset Service Act); CBC policy materials require separate mapping,https://www.president.gov.tw/File/Doc/69812613-22f1-4288-940e-c40903b232e1,"Monetary sovereignty: framework enacted, operative cap and peg-currency decision pending (not commenced)",official,not_checked,,,unknown,,,,unreviewed,not_started,,firm_summary,made_not_commenced,enacted_not_commenced,,,,high,False
tw-frs-permitted_activity_yield-001,TW,permitted_activity_yield,tier1_legal,"the Virtual Asset Service Act (enacted at third reading 30 Jun 2026, not commenced) prohibits paying interest or other returns to holders. This yield prohibition aligns Taiwan with the prohibition cluster (EU, Hong Kong) rather than the permission cluster (Switzerland, Brazil); it takes operative effect on commencement, which awaits FSC subsidiary legislation.","Virtual Asset Service Act (enacted at third reading 30 Jun 2026, not commenced)",https://english.ey.gov.tw/,"Yield: prohibition on interest/other returns to holders (enacted, not commenced; operative on commencement)",official,not_checked,,,unknown,,,,unreviewed,not_started,,firm_summary,made_not_commenced,enacted_not_commenced,,,,high,False
tw-frs-redemption-001,TW,redemption,tier1_legal,"the Virtual Asset Service Act (enacted at third reading 30 Jun 2026, not commenced) provides for par issuance and redemption. The operative detail awaits FSC subsidiary legislation; no redemption regime is yet operative.","Virtual Asset Service Act (enacted at third reading 30 Jun 2026, not commenced)",https://english.ey.gov.tw/,"Redemption: par issuance and redemption (enacted, not commenced; pending FSC subsidiary legislation)",official,not_checked,,,unknown,,,,unreviewed,not_started,,firm_summary,made_not_commenced,enacted_not_commenced,,,,high,False
tw-frs-regulatory_authority-001,TW,regulatory_authority,tier1_legal,"Two layers, only one in force. In force: AML registration under the amended Money Laundering Control Act and the VASP Registration Regulations (effective 30 November 2024). Enacted but not commenced: the Virtual Asset Service Act, a comprehensive statute creating FSC licensing for virtual-asset services including stablecoin issuance, with mandatory central-bank consultation; passed at third reading 30 June 2026, awaiting FSC subsidiary legislation for commencement. The FSC is the primary regulator and consults the Central Bank of the Republic of China (Taiwan) (CBC) on stablecoin matters.","Money Laundering Control Act and VASP Registration Regulations; Virtual Asset Service Act, Presidential Gazette No. 7872",https://www.president.gov.tw/File/Doc/69812613-22f1-4288-940e-c40903b232e1,"AML registration in force; VAS Act Arts. 2, 7-9; promulgated 22 Jul 2026, commencement mapping pending",official,not_checked,,,unknown,,,,unreviewed,not_started,,mixed,in_force_enacted,operative,2024-11-30,,,medium,False
tw-frs-reserve_backing-001,TW,reserve_backing,tier1_legal,"the Virtual Asset Service Act (enacted at third reading 30 Jun 2026, not commenced) requires full reserves held at domestic financial institutions, segregated from the issuer's own property. The operative reserve detail awaits FSC subsidiary legislation; the only in-force layer is AML registration, which imposes no reserve requirements.","Virtual Asset Service Act (enacted at third reading 30 Jun 2026, not commenced)",https://english.ey.gov.tw/,"Reserve/backing: full reserves at domestic FIs, segregated (enacted, not commenced; pending FSC subsidiary legislation)",official,not_checked,,,unknown,,,,unreviewed,not_started,,firm_summary,made_not_commenced,enacted_not_commenced,,,,high,False
tw-frs-securities_classification-001,TW,securities_classification,tier1_legal,"Under the Virtual Asset Service Act (enacted at third reading 30 Jun 2026, not commenced), the securities characterization of stablecoins sits within the FSC's virtual-asset perimeter, but the operative boundary awaits FSC subsidiary legislation; today VASPs operate under AML registration without a settled securities classification.","Virtual Asset Service Act (enacted at third reading 30 Jun 2026, not commenced); AML registration regime for VASPs",,"Securities characterization: within the FSC virtual-asset perimeter (enacted, not commenced; boundary pending subsidiary legislation)",unavailable,source_unavailable,,,unknown,,,,unreviewed,not_started,,unverified,made_not_commenced,enacted_not_commenced,,,,high,False
uk-frs-aml_kyc-001,UK,aml_kyc,tier1_legal,"The cryptoassets regime supersedes the previous Money Laundering Regulations registration regime by bringing cryptoasset activities into full FSMA scope, including AML/KYC obligations; the existing Money Laundering Regulations 2017 continue to apply alongside.","FSMA 2000 (Cryptoassets) Regulations 2026, SI 2026/102; Money Laundering Regulations 2017",,AML/KYC — full FSMA scope; MLR registration regime superseded,unavailable,source_unavailable,,,unknown,,,,unreviewed,not_started,,unverified,in_force_enacted,operative,2026-02-01,,,high,False
uk-frs-bank_nonbank_routing-001,UK,bank_nonbank_routing,tier1_legal,"Issuance is undertaken by FCA-authorized firms; systemic payment stablecoins fall additionally under Bank of England oversight, separating conduct authorization from systemic prudential supervision.",FSMA 2026 (conduct + systemic regimes); Banking Act 2009 (systemic),,Authorized-firm issuance; FCA conduct vs. BoE systemic split,unavailable,source_unavailable,,,unknown,,,,unreviewed,not_started,,firm_summary,made_not_commenced,enacted_not_commenced,,,,high,False
uk-frs-capital_requirements-001,UK,capital_requirements,tier1_legal,"The FCA published final rules for non-systemic UK-issued qualifying stablecoins in PS26/10 in June 2026. The Bank of England separately published a June 2026 systemic-stablecoin policy statement with a draft Code of Practice. Exact prudential obligations, systemic/non-systemic allocation and commencement still require record-level primary and independent legal review.",FCA PS26/10; Bank of England June 2026 systemic-stablecoin policy statement and draft Code,https://www.fca.org.uk/publication/policy/ps26-10.pdf,FCA PS26/10 Summary and Ch. 2-3; exact capital-rule mapping pending,official,not_checked,,,unknown,,,,unreviewed,not_started,,unverified,made_not_commenced,enacted_not_commenced,2027-10-25,,,high,False
uk-frs-cross_border_data-001,UK,cross_border_data,tier1_legal,"UK GDPR applies (effectively mirroring EU GDPR post-Brexit). Cross-border data transfers to non-UK jurisdictions require an adequacy decision, an International Data Transfer Agreement (IDTA), or the UK Addendum to the EU Standard Contractual Clauses.",UK GDPR (Data Protection Act 2018),https://www.legislation.gov.uk/uksi/2026/102/contents/made,Cross-border transfer — adequacy / IDTA / UK Addendum to EU SCCs,official,not_checked,,,unknown,,,,unreviewed,not_started,,unverified,made_not_commenced,enacted_not_commenced,,,,high,False
uk-frs-custody-001,UK,custody,tier1_legal,"Any firm holding client crypto-assets for more than 24 hours, or with the ability to override client authority, is a regulated custodian requiring a safeguarding licence. This 24-hour custody rule has significant operational implications for wallet operators with UK user exposure.","FSMA 2000 (Cryptoassets) Regulations 2026, SI 2026/102; FCA CP25/14",https://www.legislation.gov.uk/uksi/2026/102/contents/made,Custody — 24-hour rule; safeguarding licence for regulated custodians,official,not_checked,,,unknown,,,,unreviewed,not_started,,unverified,made_not_commenced,enacted_not_commenced,2026-02-01,,,high,False
uk-frs-distribution-001,UK,distribution,tier1_legal,"Offshore firms 'involved' in a sale of a cryptoasset to a UK consumer are within territorial scope. UKQS transactions (in UKQS only) are carved out from the financial-promotions regime, except for lending and borrowing arrangements. HM Treasury's 21 April 2026 draft amendment SI signals intent to bring stablecoin payments using UKQS-authorised firms into regulated payment services (consultation closed 22 May 2026).","FSMA 2000 (Cryptoassets) Regulations 2026, SI 2026/102; HM Treasury draft amendment SI (21 Apr 2026)",,Distribution — offshore 'involved' test; UKQS financial-promotions carve-out; payments amendment,unavailable,source_unavailable,,,unknown,,,,unreviewed,not_started,,unverified,pending_proposal,proposed,,,,high,False
uk-frs-implementation_status-001,UK,implementation_status,tier2_operational,"SI 2026/102 was made in February 2026 and the relevant issuer regime is scheduled to commence on 25 October 2027. The FCA published final stablecoin-issuance rules in PS26/10 in June 2026. The Bank of England published its systemic-stablecoin policy statement and draft Code of Practice in June 2026, followed by a joint Bank/FCA approach on 30 June 2026. Bank finalisation and record-level commencement mapping remain pending.",SI 2026/102; FCA PS26/10; Bank of England June 2026 policy statement/draft Code; Bank/FCA joint approach,https://www.bankofengland.co.uk/paper/2026/boe-and-fcas-approach-to-joint-regulation-of-systemic-stablecoin-issuers,"Joint approach, Introduction and Table C; FCA PS26/10 Summary; commencement 25 Oct 2027",official,not_checked,,,unknown,,,,unreviewed,not_started,,unverified,made_not_commenced,enacted_not_commenced,2027-10-25,,,high,False
uk-frs-issuer_pathway-001,UK,issuer_pathway,tier1_legal,"Issuers must be UK-incorporated. HM Treasury's policy note describes the regulated perimeter as triggered by any one of three lifecycle limbs (offering, redemption, backing-asset management) in the UK. However, Article 9M(2) of SI 2026/102, together with the corresponding amendment to FSMA s.418, requires all three limbs to be in the UK. This single-limb vs. all-three-limbs divergence is an open interpretive question.","SI 2026/102, Art. 9M(2); FSMA s.418 (as amended); HM Treasury policy note",https://www.legislation.gov.uk/uksi/2026/102/contents/made,reg 9M(2) (issuing a qualifying stablecoin; all three limbs) vs HMT policy note (any one limb),official,checked,2026-06-27,2026-07-11,stale,40,external review (web retrieval against official sources),,primary_reviewed_second_pending,not_started,,firm_summary,made_not_commenced,enacted_not_commenced,2026-02-01,,,high,False
uk-frs-monetary_sovereignty-001,UK,monetary_sovereignty,tier1_legal,"There is no aggregate usage cap on private tokens; the inbound treatment of foreign tokens is in transition pending the operation of the systemic regime, so the structural monetary-sovereignty pole is not yet stable.",FSMA 2026; Bank of England systemic stablecoin regime,,Monetary-sovereignty treatment of foreign tokens — pending systemic-regime operation,unavailable,source_unavailable,,,unknown,,,,unreviewed,not_started,,firm_summary,made_not_commenced,enacted_not_commenced,,,,high,False
uk-frs-permitted_activity_yield-001,UK,permitted_activity_yield,tier1_legal,"Yield is not expressly addressed in SI 2026/102. The FCA published PS26/10 final issuance rules in June 2026 and the Bank published its systemic policy/draft Code. The exact holder-yield and remuneration treatment has not yet been mapped and independently reviewed for this record, so no substantive conclusion is promoted.",SI 2026/102; FCA PS26/10; Bank of England June 2026 systemic policy/draft Code,https://www.fca.org.uk/publication/policy/ps26-10.pdf,Holder-yield/remuneration mapping pending; do not infer from reserve remuneration,official,not_checked,,,unknown,,,,unreviewed,not_started,,unverified,pending_proposal,consultation,,,,high,False
uk-frs-redemption-001,UK,redemption,tier1_legal,Redemption follows an issuer-controlled process within a backing-asset trust structure: third parties holding backing assets do so on trust for the benefit of stablecoin holders. Specific redemption mechanics are pending final FCA rules.,"FSMA 2000 (Cryptoassets) Regulations 2026, SI 2026/102",https://www.legislation.gov.uk/uksi/2026/102/contents/made,Redemption — issuer-controlled; backing-asset trust structure,official,not_checked,,,unknown,,,,unreviewed,not_started,,unverified,made_not_commenced,enacted_not_commenced,,,,high,False
uk-frs-regulatory_authority-001,UK,regulatory_authority,tier1_legal,"The Financial Services and Markets Act 2000 (Cryptoassets) Regulations 2026, SI 2026/102, in force from February 2026, make issuing a qualifying stablecoin in the UK a regulated activity under FSMA. The FCA (conduct), Bank of England (systemic), and HM Treasury (perimeter) share authority. The FCA published PS26/10 final issuance rules in June 2026; the Bank's June 2026 systemic policy includes a draft Code of Practice, and the authorities published their joint approach on 30 June 2026. The relevant regime commences 25 October 2027.","Financial Services and Markets Act 2000 (Cryptoassets) Regulations 2026, SI 2026/102",https://www.legislation.gov.uk/uksi/2026/102/contents/made,FCA/BoE supervisory architecture under FSMA 2000 (as amended by SI 2026/102),official,checked,2026-06-27,2026-07-11,stale,40,external review (web retrieval against official sources),,primary_reviewed_second_pending,not_started,,firm_summary,made_not_commenced,enacted_not_commenced,2027-10-25,,uk-systemic-regime-operative,high,False
uk-frs-reserve_backing-001,UK,reserve_backing,tier1_legal,"SI 2026/102 requires 1:1 backing by a backing-asset pool with annual independent review. Backing assets are carved out from the collective-investment-scheme (CIS) and alternative-investment-fund (AIF) definitions, with the carve-out activated early ahead of full regime commencement; specific backing-asset composition rules are pending final FCA rules.","Financial Services and Markets Act 2000 (Cryptoassets) Regulations 2026, SI 2026/102",https://www.legislation.gov.uk/uksi/2026/102/contents/made,1:1 backing; CIS/AIF carve-out for backing assets,official,not_checked,,,unknown,,,,unreviewed,not_started,,unverified,made_not_commenced,enacted_not_commenced,2026-02-01,,,high,False
uk-frs-securities_classification-001,UK,securities_classification,tier1_legal,Regulated stablecoins are brought within the FSMA financial-services perimeter as a payments-adjacent regulated activity rather than as transferable securities under the RAO's investment heads.,Financial Services and Markets Act 2000 (Regulated Activities) Order; FSMA 2026 stablecoin provisions,,Regulated-activity perimeter for stablecoins vs. the investment (securities) heads,unavailable,source_unavailable,,,unknown,,,,unreviewed,not_started,,firm_summary,made_not_commenced,enacted_not_commenced,,,,high,False
us-pss-bank_nonbank_routing-001,US,bank_nonbank_routing,tier1_legal,"The regime separates roles along a routing chain. A bank operating as a Layer 1 issuer under the GENIUS Act operates under bank supervision; non-bank permitted issuers operate under the OCC/FDIC payment-stablecoin charter. CLARITY §404 adds an intermediary layer: 'covered parties' (digital-asset service providers and affiliates) may not pay yield on held balances, but may facilitate user-initiated activity. The author synthesises a generalisable three-layer routing architecture: (1) a compliant issuer layer (GENIUS-compliant payment stablecoin), (2) an authorised routing layer (the wallet/intermediary that executes the user's signed instruction), and (3) a yield-bearing tokenised cash-management layer (registered tokenised MMF). The binding question is which entity in the chain holds which authorisation, and whether the routing layer's action is a permitted facilitation or a prohibited yield/brokerage activity.",GENIUS Act (issuer charters); CLARITY Act §404 'covered parties' (pending),,"CLARITY Act Sec. 404 covered-party definition (H.R.3633, House-passed, not enacted)",unavailable,source_unavailable,,,unknown,,external review (web retrieval against official sources),,primary_reviewed_second_pending,not_started,,firm_summary,pending_proposal,proposed,,,us-clarity-act-enacted,high,False
us-pss-capital_requirements-001,US,capital_requirements,tier1_legal,"De novo PPSIs must hold minimum capital of the greater of $5 million or the chartering-condition amount, for 36 months. An operational backstop of 12 months of operating expenses must be held in cash, FDIC-insured deposits, or short-dated Treasuries (<=93 days). Two consecutive quarter-ends below the capital or backstop requirement trigger mandatory liquidation.",GENIUS Act capital provisions; OCC/FDIC NPRM (de novo capital; operational backstop; liquidation trigger),https://www.federalregister.gov/documents/2025/09/19/2025-18226/genius-act-implementation,capital left to OCC/FDIC rulemaking; figures from the OCC/FDIC NPRM (proposed),official,checked,2026-06-27,2026-07-04,stale,47,external review (web retrieval against official sources),,primary_reviewed_second_pending,not_started,,firm_summary,pending_proposal,proposed,,,,high,False
us-pss-cross_border_data-001,US,cross_border_data,tier1_legal,Issuers are subject to the Bank Secrecy Act and OFAC sanctions administration; there is no data-localization rule that bars supervisory information-sharing with foreign regulators.,GENIUS Act; Bank Secrecy Act; OFAC regulations,,AML/sanctions perimeter; cross-border information-sharing,unavailable,source_unavailable,,,unknown,,,,unreviewed,not_started,,firm_summary,in_force_enacted,operative,,,,high,False
us-pss-disclosure_reporting-001,US,disclosure_reporting,tier1_legal,Issuers must publish monthly reserve composition certified by an independent accountant and are subject to federal and state supervisory reporting; supervisory coordination is available.,GENIUS Act,,Monthly reserve certification and disclosure; supervisory reporting,unavailable,source_unavailable,,,unknown,,,,unreviewed,not_started,,firm_summary,in_force_enacted,operative,,,,high,False
us-pss-issuer_pathway-001,US,issuer_pathway,tier1_legal,"Permitted payment stablecoin issuers are a defined set: subsidiaries of insured depository institutions, federally qualified non-bank payment stablecoin issuers approved by the OCC, and state-qualified issuers operating under an OCC-certified comparable state regime. An authorizable private token exists.",Guiding and Establishing National Innovation for U.S. Stablecoins Act (GENIUS Act),https://www.congress.gov/bill/119th-congress/senate-bill/1582/text,GENIUS Act Sec. 3-4 (permitted payment stablecoin issuers: IDI subsidiaries; OCC-qualified non-banks; certified state regimes),official,checked,2026-06-27,2026-07-27,stale,24,external review (web retrieval against official sources),,primary_reviewed_second_pending,not_started,,resolution_text,in_force_enacted,operative,,,us-clarity-act-enacted,low,False
us-pss-monetary_sovereignty-001,US,monetary_sovereignty,tier1_legal,The US issues the reserve currency and imposes no aggregate usage cap on private dollar tokens. A foreign payment stablecoin may be offered in the US only where the foreign regime is determined comparable by the Treasury and the issuer registers — an admission-by-determination channel rather than an open market.,GENIUS Act,,Foreign payment stablecoin issuers — comparability determination and registration,unavailable,source_unavailable,,,unknown,,,,unreviewed,not_started,,firm_summary,in_force_enacted,operative,,,us-genius-act-effective,high,False
us-pss-permitted_activity_yield-001,US,permitted_activity_yield,tier1_legal,"GENIUS Act §4(a)(11) prohibits permitted/foreign payment stablecoin issuers from paying any form of interest or yield (cash, tokens, or other consideration) to a holder 'solely in connection with the holding, use, or retention' of a payment stablecoin. The word 'solely' is the textual hinge: it reaches payments tied to the act of holding, not payments produced by some other operative event (user-initiated routing, market-making, transfers). OCC NPRM §15.10(c)(4) and FDIC NPRM §350.3(b)(4) add a rebuttable presumption that affiliate / related-third-party arrangements (including white-label) violate the prohibition, rebuttable by written non-evasion showing; the anti-evasion rule (proposed §15.10(c)(6)) treats any sidestep arrangement as a violation. Permitted: merchant-funded discounts; issuer profit-sharing with non-affiliated white-label partners without yield pass-through. The intermediary layer is the pending CLARITY Act §404, extending the prohibition to 'covered parties' (digital-asset service providers and affiliates) under prongs (A) 'solely in connection with holding' and (B) 'economically or functionally equivalent' to bank-deposit interest.","GENIUS Act §4(a)(11); OCC NPRM §15.10(c)(4) / anti-evasion §15.10(c)(6); FDIC NPRM §350.3(b)(4); CLARITY Act (H.R. 3633) §404(c)(1) (Tillis-Alsobrooks text, 1 May 2026; affirmed final 5 May 2026)",https://www.federalregister.gov/documents/2025/09/19/2025-18226/genius-act-implementation,"GENIUS Act Sec. 4(a)(11) (no interest/yield in connection with holding, use, or retention)",official,checked,2026-06-27,2026-07-27,stale,24,external review (web retrieval against official sources),,primary_reviewed_second_pending,not_started,,resolution_text,in_force_enacted,operative,,,us-clarity-act-enacted,low,False
us-pss-reserve_backing-001,US,reserve_backing,tier1_legal,"1:1 backing of outstanding payment stablecoins at fair value is required by the enacted GENIUS Act (Sec. 4(a)(1)). The detailed list of PERMISSIBLE reserve assets is set by the OCC NPRM (proposed 12 CFR Sec. 15.11(b)) and is NOT yet final — that composition is a pending overlay, not part of the in-force statutory proposition.",GENIUS Act Sec. 4(a)(1) (1:1 fair-value reserve backing),https://www.congress.gov/bill/119th-congress/senate-bill/1582/text,GENIUS Act Sec. 4(a)(1) (1:1 fair-value backing of outstanding payment stablecoins),official,checked,2026-06-27,2026-07-27,stale,24,external review (web retrieval against official sources),,primary_reviewed_second_pending,not_started,,resolution_text,in_force_enacted,operative,,,,low,False
us-pss-securities_classification-001,US,securities_classification,tier1_legal,"A payment stablecoin structured to comply with the GENIUS Act (1:1 backing, no issuer yield, par redemption) is positioned as a non-security: under the Reves family-resemblance test the instrument resembles a payment/exchange medium rather than an investment note, and the absence of yield removes the principal Howey 'expectation of profit' hook. The contested boundary is not the stablecoin itself but the adjacent routing step: whether a wallet/intermediary that routes a user's payment-stablecoin balance into 1940-Act registered tokenised money market fund shares is thereby distributing securities and acting as a broker. The author's analysis (Reves' fourth factor — the presence of an alternative regulatory regime) argues registered-fund shares are already comprehensively regulated, weighing against re-characterising the routing as an unregistered securities activity.","Reves v. Ernst & Young, 494 U.S. 56 (1990); SEC v. W.J. Howey Co., 328 U.S. 293 (1946); Investment Company Act of 1940 (registered MMFs); CLARITY Act market-structure provisions (pending)",https://www.congress.gov/bill/119th-congress/senate-bill/1582/text,GENIUS Act securities carve-out (amending the '33/'34 Acts and ICA40 for permitted payment stablecoins),official,checked,2026-06-27,2026-07-27,stale,24,external review (web retrieval against official sources),,primary_reviewed_second_pending,not_started,,resolution_text,in_force_enacted,operative,,,us-clarity-act-enacted,low,False
